min_items,reliability,method,adjustment,n_contributors,n_items,eta_H,eta_L,eta_diff,critical_exposure_ratio
3,raw_loo,gmm_full,none,1228,19303,0.5399818949909475,0.2824457593688363,0.2575361356221112,1.5598391298469507
3,raw_loo,gmm_diag,none,1228,19303,0.5399818949909475,0.2824457593688363,0.2575361356221112,1.5598391298469507
3,raw_loo,gmm_spherical,none,1228,19303,0.5399818949909475,0.2824457593688363,0.2575361356221112,1.5598391298469507
3,raw_loo,median,none,1228,19303,0.46537777058728363,0.20256447197810115,0.26281329860918246,1.4915869265254524
3,raw_loo,quantile,none,1228,19303,0.46537777058728363,0.20256447197810115,0.26281329860918246,1.4915869265254524
3,tree_loo,gmm_full,none,1228,19303,0.539467749210645,0.2822478659500474,0.2572198832605976,1.5585274056696816
3,tree_loo,gmm_diag,none,1228,19303,0.539467749210645,0.2822478659500474,0.2572198832605976,1.5585274056696816
3,tree_loo,gmm_spherical,none,1228,19303,0.539467749210645,0.2822478659500474,0.2572198832605976,1.5585274056696816
3,tree_loo,median,none,1228,19303,0.46768749485469663,0.20653996646171044,0.26114752839298616,1.4905906321357258
3,tree_loo,quantile,none,1228,19303,0.46768749485469663,0.20653996646171044,0.26114752839298616,1.4905906321357258
3,prompt_adjusted_loo,gmm_full,prompt_adjusted,1228,19303,0.5354508505193437,0.28451816745655606,0.25093268306278765,1.5401639058930976
3,prompt_adjusted_loo,gmm_diag,prompt_adjusted,1228,19303,0.5354508505193437,0.28451816745655606,0.25093268306278765,1.5401639058930976
3,prompt_adjusted_loo,gmm_spherical,prompt_adjusted,1228,19303,0.5354508505193437,0.28451816745655606,0.25093268306278765,1.5401639058930976
3,prompt_adjusted_loo,median,prompt_adjusted,1228,19303,0.4670843776106934,0.21382790126823947,0.2532564763424539,1.4752280955979267
3,prompt_adjusted_loo,quantile,prompt_adjusted,1228,19303,0.4670843776106934,0.21382790126823947,0.2532564763424539,1.4752280955979267
3,shrunken_rate,gmm_full,none,1228,19303,0.47824144401751406,0.22275641025641027,0.25548503376110376,1.4896614168214612
3,shrunken_rate,gmm_diag,none,1228,19303,0.47824144401751406,0.22275641025641027,0.25548503376110376,1.4896614168214612
3,shrunken_rate,gmm_spherical,none,1228,19303,0.47824144401751406,0.22275641025641027,0.25548503376110376,1.4896614168214612
3,shrunken_rate,median,none,1228,19303,0.48372049631495473,0.2299627213420317,0.25375777497292307,1.4915123942780562
3,shrunken_rate,quantile,none,1228,19303,0.48372049631495473,0.2299627213420317,0.25375777497292307,1.4915123942780562
5,raw_loo,gmm_full,none,778,17776,0.48058645096056624,0.24220136951559726,0.23838508144496898,1.458950448801001
5,raw_loo,gmm_diag,none,778,17776,0.48058645096056624,0.24220136951559726,0.23838508144496898,1.458950448801001
5,raw_loo,gmm_spherical,none,778,17776,0.48058645096056624,0.24220136951559726,0.23838508144496898,1.458950448801001
5,raw_loo,median,none,778,17776,0.46106486298994104,0.21556694426649584,0.2454979187234452,1.4555240545002042
5,raw_loo,quantile,none,778,17776,0.46106486298994104,0.21556694426649584,0.2454979187234452,1.4555240545002042
5,tree_loo,gmm_full,none,778,17776,0.477805239742956,0.2388722098942697,0.23893302984868633,1.4575553951002387
5,tree_loo,gmm_diag,none,778,17776,0.477805239742956,0.2388722098942697,0.23893302984868633,1.4575553951002387
5,tree_loo,gmm_spherical,none,778,17776,0.477805239742956,0.2388722098942697,0.23893302984868633,1.4575553951002387
5,tree_loo,median,none,778,17776,0.46346850428483083,0.21945175778225182,0.244016746502579,1.4548041418841908
5,tree_loo,quantile,none,778,17776,0.46346850428483083,0.21945175778225182,0.244016746502579,1.4548041418841908
5,prompt_adjusted_loo,gmm_full,prompt_adjusted,778,17776,0.4892877173303421,0.25967723733212955,0.22961047999821255,1.449588717150025
5,prompt_adjusted_loo,gmm_diag,prompt_adjusted,778,17776,0.4892877173303421,0.25967723733212955,0.22961047999821255,1.449588717150025
5,prompt_adjusted_loo,gmm_spherical,prompt_adjusted,778,17776,0.4892877173303421,0.25967723733212955,0.22961047999821255,1.449588717150025
5,prompt_adjusted_loo,median,prompt_adjusted,778,17776,0.4646887513651256,0.2293753682969947,0.2353133830681309,1.4395823619776646
5,prompt_adjusted_loo,quantile,prompt_adjusted,778,17776,0.4646887513651256,0.2293753682969947,0.2353133830681309,1.4395823619776646
5,shrunken_rate,gmm_full,none,778,17776,0.48384415584415585,0.2461047724205619,0.23773938342359396,1.460596128311613
5,shrunken_rate,gmm_diag,none,778,17776,0.48384415584415585,0.2461047724205619,0.23773938342359396,1.460596128311613
5,shrunken_rate,gmm_spherical,none,778,17776,0.48384415584415585,0.2461047724205619,0.23773938342359396,1.460596128311613
5,shrunken_rate,median,none,778,17776,0.47178905585483416,0.23224461431549687,0.2395444415393373,1.4535014735959435
5,shrunken_rate,quantile,none,778,17776,0.47178905585483416,0.23224461431549687,0.2395444415393373,1.4535014735959435
10,raw_loo,gmm_full,none,393,15252,0.4440275171982489,0.21039664942103967,0.23363086777720923,1.4202201997477586
10,raw_loo,gmm_diag,none,393,15252,0.4440275171982489,0.21039664942103967,0.23363086777720923,1.4202201997477586
10,raw_loo,gmm_spherical,none,393,15252,0.4440275171982489,0.21039664942103967,0.23363086777720923,1.4202201997477586
10,raw_loo,median,none,393,15252,0.4584916983396679,0.2360106585458698,0.2224810397937981,1.41085434722172
10,raw_loo,quantile,none,393,15252,0.4584916983396679,0.2360106585458698,0.2224810397937981,1.41085434722172
10,tree_loo,gmm_full,none,393,15252,0.4440275171982489,0.21039664942103967,0.23363086777720923,1.4202201997477586
10,tree_loo,gmm_diag,none,393,15252,0.4440275171982489,0.21039664942103967,0.23363086777720923,1.4202201997477586
10,tree_loo,gmm_spherical,none,393,15252,0.4440275171982489,0.21039664942103967,0.23363086777720923,1.4202201997477586
10,tree_loo,median,none,393,15252,0.4596668349318526,0.2377033850757434,0.22196344985610922,1.4107899796010395
10,tree_loo,quantile,none,393,15252,0.4596668349318526,0.2377033850757434,0.22196344985610922,1.4107899796010395
10,prompt_adjusted_loo,gmm_full,prompt_adjusted,393,15252,0.4566747084841174,0.2415158371040724,0.215158871380045,1.3960037839942068
10,prompt_adjusted_loo,gmm_diag,prompt_adjusted,393,15252,0.4566747084841174,0.2415158371040724,0.215158871380045,1.3960037839942068
10,prompt_adjusted_loo,gmm_spherical,prompt_adjusted,393,15252,0.4566747084841174,0.2415158371040724,0.215158871380045,1.3960037839942068
10,prompt_adjusted_loo,median,prompt_adjusted,393,15252,0.46281603723685605,0.24987066735644076,0.2129453698804153,1.3964105123039712
10,prompt_adjusted_loo,quantile,prompt_adjusted,393,15252,0.46281603723685605,0.24987066735644076,0.2129453698804153,1.3964105123039712
10,shrunken_rate,gmm_full,none,393,15252,0.464662447257384,0.24584199584199584,0.21882045141538814,1.408752291510912
10,shrunken_rate,gmm_diag,none,393,15252,0.464662447257384,0.24584199584199584,0.21882045141538814,1.408752291510912
10,shrunken_rate,gmm_spherical,none,393,15252,0.464662447257384,0.24584199584199584,0.21882045141538814,1.408752291510912
10,shrunken_rate,median,none,393,15252,0.46656665237891126,0.2483108108108108,0.21825584156810046,1.409152975796206
10,shrunken_rate,quantile,none,393,15252,0.46656665237891126,0.2483108108108108,0.21825584156810046,1.409152975796206
20,raw_loo,gmm_full,none,180,12431,0.4590125756870051,0.25032526671870936,0.20868730896829574,1.3857526064183652
20,raw_loo,gmm_diag,none,180,12431,0.4590125756870051,0.25032526671870936,0.20868730896829574,1.3857526064183652
20,raw_loo,gmm_spherical,none,180,12431,0.4590125756870051,0.25032526671870936,0.20868730896829574,1.3857526064183652
20,raw_loo,median,none,180,12431,0.4733447413452679,0.27058336781133635,0.20276137353393153,1.3849982891120414
20,raw_loo,quantile,none,180,12431,0.4733447413452679,0.27058336781133635,0.20276137353393153,1.3849982891120414
20,tree_loo,gmm_full,none,180,12431,0.47617118941541786,0.2740843949044586,0.2020867945109593,1.3857878574594527
20,tree_loo,gmm_diag,none,180,12431,0.47617118941541786,0.2740843949044586,0.2020867945109593,1.3857878574594527
20,tree_loo,gmm_spherical,none,180,12431,0.47617118941541786,0.2740843949044586,0.2020867945109593,1.3857878574594527
20,tree_loo,median,none,180,12431,0.47387911651897896,0.27125256673511294,0.20262654978386602,1.385133067600757
20,tree_loo,quantile,none,180,12431,0.47387911651897896,0.27125256673511294,0.20262654978386602,1.385133067600757
20,prompt_adjusted_loo,gmm_full,prompt_adjusted,180,12431,0.48854022458083374,0.29139966273187184,0.1971405618489619,1.3854468549113086
20,prompt_adjusted_loo,gmm_diag,prompt_adjusted,180,12431,0.48854022458083374,0.29139966273187184,0.1971405618489619,1.3854468549113086
20,prompt_adjusted_loo,gmm_spherical,prompt_adjusted,180,12431,0.48854022458083374,0.29139966273187184,0.1971405618489619,1.3854468549113086
20,prompt_adjusted_loo,median,prompt_adjusted,180,12431,0.47589943047645505,0.2824923547400612,0.19340707573639387,1.369026646760217
20,prompt_adjusted_loo,quantile,prompt_adjusted,180,12431,0.47589943047645505,0.2824923547400612,0.19340707573639387,1.369026646760217
20,shrunken_rate,gmm_full,none,180,12431,0.4667412656968793,0.26207839562443025,0.20466287007244904,1.3837965642323868
20,shrunken_rate,gmm_diag,none,180,12431,0.4667412656968793,0.26207839562443025,0.20466287007244904,1.3837965642323868
20,shrunken_rate,gmm_spherical,none,180,12431,0.4667412656968793,0.26207839562443025,0.20466287007244904,1.3837965642323868
20,shrunken_rate,median,none,180,12431,0.47387911651897896,0.27125256673511294,0.20262654978386602,1.385133067600757
20,shrunken_rate,quantile,none,180,12431,0.47387911651897896,0.27125256673511294,0.20262654978386602,1.385133067600757
