repetition,eta_H,eta_L,eta_diff,critical_exposure_ratio
0,0.5466360856269113,0.2786928565136968,0.26794322911321455,1.5910113721417953
1,0.5362949686339777,0.2758824024934715,0.26041256614050623,1.5615909867817488
2,0.5253285290377279,0.2837470248214893,0.24158150421623859,1.5089446469712944
3,0.5400194426441997,0.28396472893533636,0.2560547137088633,1.556664210289223
4,0.5371081650353116,0.28136145138781204,0.2557467136474995,1.5524977852914799
5,0.5360997112023104,0.29090651958704566,0.2451931916152647,1.528547184677859
6,0.5383283488115851,0.27395145381250535,0.26437689499907974,1.572651351493063
7,0.5418986008725741,0.2758481094648207,0.26605049140775344,1.580767690110784
8,0.5479891855356539,0.2854834987306716,0.2625056868049823,1.5807508988829477
9,0.5581940321824714,0.3036879647898012,0.25450606739267023,1.5760584644202553
10,0.5406436629064366,0.27312992125984253,0.2675137416465941,1.5823664986080421
11,0.5326039387308534,0.2721535181236674,0.26045042060718604,1.557237089033165
12,0.5373352855051244,0.29045457927237556,0.24688070623274888,1.5336060834081249
13,0.5430734292202877,0.2914907798267052,0.2515826493935825,1.5505975477947687
14,0.5224398710637242,0.2980453702382651,0.22439450082545914,1.469876958374391
15,0.5454082930552022,0.27553816046966734,0.2698701325855349,1.5936538842718173
16,0.5171355498721227,0.2814969781496978,0.23563857172242492,1.4880014912259965
17,0.5360024356827523,0.2876949740034662,0.24830746167928608,1.5351482007123458
18,0.5359013150238566,0.2861991822880506,0.24970213273580605,1.5380367168000957
19,0.5790074158585282,0.2796513522319974,0.29935606362653083,1.7110720589936428
20,0.5342347879532883,0.28181218022776033,0.25242260772552794,1.5419524713241408
21,0.5386302076615503,0.2827858523061413,0.25584435535540906,1.5545320903188389
22,0.5263409961685823,0.2801601868846988,0.24618080928388353,1.519742699479018
23,0.5337628865979381,0.2779704767282407,0.2557924098696974,1.5486315922025573
24,0.5390600684718332,0.28693916771379996,0.25212090075803323,1.54697127220497
25,0.5491952232606438,0.2850607469626519,0.26413447629799197,1.5859176520010743
26,0.5654761904761905,0.2945268687442323,0.2709493217319582,1.6235546034379311
27,0.5383941286011611,0.28762174049638706,0.25077238810477404,1.543260828431059
28,0.5349078102340998,0.28693593952813623,0.2479718707059636,1.533167135811887
29,0.559049959049959,0.2857908847184987,0.27325907433146035,1.6197052930139544
30,0.5534876446668752,0.28065806354237416,0.272829581124501,1.6110235872889875
31,0.53555479216764,0.27346519873110653,0.2620895934365335,1.5643068095367967
32,0.5331224740818836,0.2626776627478505,0.27044481133403314,1.5792628608588568
33,0.5426440888612708,0.27600202942668695,0.26664205943458386,1.5830077909580218
34,0.5429575215586074,0.2858874705840405,0.2570700509745669,1.5624642415103907
35,0.5305303558967202,0.2813446161012344,0.24918573979548575,1.5307813677100424
36,0.5526269855123058,0.27902389128369987,0.27360309422860596,1.611577107622194
37,0.545487063312269,0.2927523113725997,0.2527347519396693,1.5560562341337898
38,0.5315392282500356,0.2746368094753401,0.25690241877469555,1.5483968653661662
39,0.5262935883014623,0.29026832198638364,0.2360252663150787,1.49825220956748
40,0.5305001445504481,0.27458756345177665,0.2559125810986715,1.5450748879435372
41,0.5369057908383751,0.270188679245283,0.2667171115930921,1.5759456851683604
42,0.5411854103343465,0.2735713142308308,0.2676140961035157,1.583272856032174
43,0.5497176108163615,0.2684439973172367,0.2812736134991248,1.6246604803023132
44,0.5450986078886311,0.2877273085098008,0.25737129937883024,1.5657738222876674
45,0.5344698855151817,0.3022847100175747,0.23218517549760703,1.4987543625497914
46,0.5570291777188329,0.26396512754278334,0.29306405017604953,1.661587706086052
47,0.55059892606361,0.2753200453735213,0.27527888069008877,1.6125461122708684
48,0.5491959662033251,0.2836471265312834,0.26554883967204174,1.5890560415699642
49,0.5360158311345646,0.2710212262002369,0.26499460493432775,1.5711285485931772
50,0.5380674792439498,0.26958105646630237,0.26848642277764745,1.5812243362693164
51,0.5499228565131143,0.28729107537054555,0.2626317811425688,1.58352614644654
52,0.5561062648691515,0.29001367989056087,0.2660925849785906,1.5994510936275175
53,0.5534237512404896,0.2829395909307119,0.2704841603097777,1.6056841604566354
54,0.5573141486810551,0.2813423039054808,0.2759718447755743,1.623403354666384
55,0.5271200440528634,0.268835484120238,0.2582845599326254,1.5461947724455867
56,0.5281655444243718,0.27128340233345877,0.25688214209091303,1.5444327752146083
57,0.5405444751783375,0.2728329458651611,0.2677115293131764,1.5826712594588748
58,0.54364061977483,0.27728304522437575,0.2663575745504543,1.5836574990943149
59,0.5307536329841163,0.2786358770454198,0.25211775593869645,1.5372822757094726
60,0.520582066072365,0.29510457366122733,0.22547749241113768,1.4703150976516703
61,0.5410012947777298,0.27738693467336684,0.263614360104363,1.5743248447219644
62,0.5352989185880432,0.27545010937237085,0.2598488092156724,1.5591741005339232
63,0.5492246035894756,0.28416904890674494,0.2650555546827306,1.5879991605427874
64,0.5563656758272574,0.2826971102390296,0.2736685655882278,1.6168787009403414
65,0.5686274509803921,0.2701417916564216,0.29848565932397053,1.6919440284328406
66,0.5422677632465956,0.27828925343153665,0.263978509815059,1.5767094572307194
67,0.5312124047587221,0.286959157384254,0.24425324737446813,1.521031805990418
68,0.5431088735053493,0.2819448049139199,0.26116406859142943,1.5716111639005252
69,0.534629981024668,0.2835157600197515,0.2511142210049165,1.5396012006915023
70,0.5323669359300652,0.29239280774550486,0.23997412818456038,1.513167580786529
71,0.5561433447098976,0.2821993472257093,0.2739439974841883,1.6171902442358106
72,0.5589897562698694,0.2844990548204159,0.2744907014494535,1.6224134367668426
73,0.5255699322242761,0.287188968492412,0.23838096373186407,1.5024575378400198
74,0.5413283364563815,0.28302591292659246,0.258302423529789,1.5631532184355774
75,0.5406113537117904,0.29360484914527,0.24700650456652035,1.5376852618415697
76,0.5417566594672426,0.27905433430111987,0.26270232516612274,1.5732812720435891
77,0.5507135184901029,0.2742740471869328,0.27643947130317004,1.6152855309025818
78,0.550703642384106,0.2856271444910408,0.26507649789306514,1.5899814084842427
79,0.5280135823429541,0.28994746059544657,0.23806612174750758,1.5043918910405825
80,0.5354037267080746,0.2679373146971622,0.26746641201091237,1.5756964215742901
81,0.5506147540983607,0.28217405913978494,0.26844069495857575,1.5973509308699725
82,0.5224957555178268,0.28515410016510734,0.23734165535271945,1.497046168898673
83,0.5543694141012909,0.275902901124926,0.27846651297636493,1.6248819578099152
84,0.5571057754704737,0.285073266493725,0.2720325089767487,1.614215525762886
85,0.5391044776119402,0.2807303553961526,0.25837412221578765,1.5605915216469484
86,0.546384988846608,0.2760157723298474,0.2703692165167606,1.5960323399115512
87,0.549583759310647,0.2734994337485844,0.2760843255620626,1.6129537539310774
88,0.5242070116861436,0.2742535896072324,0.2499534220789112,1.5253407011412905
89,0.543938635984659,0.2918342861175806,0.25210434986707836,1.5527860278438277
90,0.5475743348982786,0.28590192644483364,0.2616724084534449,1.5783765790444526
91,0.5290026429266935,0.28879922289471716,0.24020342003197637,1.5099888914973059
92,0.5480724570366929,0.2718901453957997,0.27618231164089324,1.6111207779679786
93,0.5489440160911834,0.2740354698195395,0.27490854627164385,1.609477661485183
94,0.5395236451501554,0.28123280132085854,0.25829084382929685,1.5609209704448825
95,0.5219787261309753,0.2836008813345924,0.2383778447963829,1.4986762259909319
96,0.5407664609053497,0.28070734427274174,0.260059116632608,1.5662894681980286
97,0.5396689497716894,0.2834848484848485,0.25618410128684094,1.5565214450769316
98,0.5338774253156761,0.28083313831032064,0.2530442870053554,1.5428706969979447
99,0.5600208768267223,0.2761681023231532,0.2838527745035691,1.645150552726973
