policy,seed,harm_mode,helpful_share,mean_weight,response_nll,preference_accuracy,mean_margin
normal_screening,42,preference_flip,0.5965,0.7255,,0.71,1.2348257446289062
normal_screening,43,preference_flip,0.5995,0.722125,,0.70125,0.91277099609375
normal_screening,44,preference_flip,0.5945,0.72325,,0.69875,1.104337158203125
normal_screening,45,preference_flip,0.6075,0.73075,,0.72,1.7848382568359376
normal_screening,46,preference_flip,0.604,0.72775,,0.70875,1.41533447265625
normal_screening,47,preference_flip,0.579,0.703375,,0.705,1.3719866943359376
normal_screening,48,preference_flip,0.593,0.71725,,0.7175,1.6001422119140625
normal_screening,49,preference_flip,0.6135,0.733,,0.7125,1.2900234985351562
normal_screening,50,preference_flip,0.5915,0.711625,,0.7025,1.1447430419921876
normal_screening,51,preference_flip,0.5865,0.716875,,0.71,1.5870065307617187
oracle,42,preference_flip,1.0,1.0,,0.715,3.255531005859375
oracle,43,preference_flip,1.0,1.0,,0.715,3.042606201171875
oracle,44,preference_flip,1.0,1.0,,0.7,4.695546875
oracle,45,preference_flip,1.0,1.0,,0.70625,2.774246826171875
oracle,46,preference_flip,1.0,1.0,,0.72,5.827855224609375
oracle,47,preference_flip,1.0,1.0,,0.7275,4.460501708984375
oracle,48,preference_flip,1.0,1.0,,0.7225,3.5565533447265625
oracle,49,preference_flip,1.0,1.0,,0.70625,3.104930419921875
oracle,50,preference_flip,1.0,1.0,,0.7175,4.3039404296875
oracle,51,preference_flip,1.0,1.0,,0.70875,3.3534014892578123
pooling_unverified,42,preference_flip,0.41,0.5575,,0.6975,0.881201171875
pooling_unverified,43,preference_flip,0.405,0.55375,,0.70125,0.9480621337890625
pooling_unverified,44,preference_flip,0.4,0.55,,0.69875,0.8483203125
pooling_unverified,45,preference_flip,0.4065,0.554875,,0.705,0.8803195190429688
pooling_unverified,46,preference_flip,0.418,0.5635,,0.70375,0.871829833984375
pooling_unverified,47,preference_flip,0.3855,0.539125,,0.70375,0.8842062377929687
pooling_unverified,48,preference_flip,0.417,0.56275,,0.70125,0.85504638671875
pooling_unverified,49,preference_flip,0.412,0.559,,0.70125,0.8599359130859375
pooling_unverified,50,preference_flip,0.4135,0.560125,,0.6975,0.84223876953125
pooling_unverified,51,preference_flip,0.4175,0.563125,,0.7025,0.8424917602539063
pooling_verified,42,preference_flip,0.487,0.645625,,0.7025,0.8810687255859375
pooling_verified,43,preference_flip,0.477,0.633625,,0.7025,0.845771484375
pooling_verified,44,preference_flip,0.478,0.64525,,0.7025,0.9677987670898438
pooling_verified,45,preference_flip,0.4595,0.62875,,0.7,0.9229681396484375
pooling_verified,46,preference_flip,0.473,0.636625,,0.69875,0.84442626953125
pooling_verified,47,preference_flip,0.4385,0.60925,,0.7025,0.8936590576171874
pooling_verified,48,preference_flip,0.452,0.619,,0.70375,0.9232046508789062
pooling_verified,49,preference_flip,0.472,0.634,,0.70125,0.8263189697265625
pooling_verified,50,preference_flip,0.4675,0.636625,,0.6975,0.9132156372070312
pooling_verified,51,preference_flip,0.482,0.64675,,0.70375,0.8778323364257813
reverse_screening,42,preference_flip,0.325,0.537625,,0.7,0.841490478515625
reverse_screening,43,preference_flip,0.344,0.54475,,0.7,0.8240097045898438
reverse_screening,44,preference_flip,0.337,0.5455,,0.7,0.8641925048828125
reverse_screening,45,preference_flip,0.347,0.551125,,0.7,0.8345175170898438
reverse_screening,46,preference_flip,0.354,0.555625,,0.7025,0.8245281982421875
reverse_screening,47,preference_flip,0.3045,0.51475,,0.7,0.8526861572265625
reverse_screening,48,preference_flip,0.336,0.539875,,0.705,0.8509963989257813
reverse_screening,49,preference_flip,0.348,0.553375,,0.7,0.8300445556640625
reverse_screening,50,preference_flip,0.32,0.524875,,0.70125,0.8003890991210938
reverse_screening,51,preference_flip,0.3365,0.547375,,0.7,0.791951904296875
