noise,policy,seeds,help_share,accuracy,sd
noisy,normal_screening,5,0.5716,0.7055,0.0057689903796071616
noisy,pooling_verified,5,0.4486,0.6935,0.005184110338331938
noisy,reverse_screening,5,0.315,0.6922499999999999,0.0022360679774997734
perfect,pooling_verified,5,0.5025999999999999,0.7050000000000001,0.006555055301063452
perfect,normal_screening,5,0.6292,0.70375,0.009960860906568284
perfect,reverse_screening,5,0.36819999999999997,0.6975,0.0029315098498896588
standard_tpr0.8_fpr0.1,oracle,5,1.0,0.71975,0.008944271909999139
standard_tpr0.8_fpr0.1,normal_screening,5,0.6004,0.7070000000000001,0.006471089552772412
standard_tpr0.8_fpr0.1,pooling_verified,5,0.4749,0.7002499999999999,0.0027099354235848696
standard_tpr0.8_fpr0.1,pooling_unverified,5,0.4079,0.69625,0.0038527587518555856
standard_tpr0.8_fpr0.1,reverse_screening,5,0.3414,0.6935,0.0025617376914898946
uninformative,normal_screening,5,0.5364,0.70325,0.00455864563220265
uninformative,pooling_verified,5,0.4125,0.69675,0.0025920551691659788
uninformative,reverse_screening,5,0.28579999999999994,0.68825,0.00349106001094223
