phi_H,phi_L,p_rho,regime,high_participation,low_participation,accepted_high_share,accepted_helpfulness
0.05,0.8,0.075,normal,1.0,0.0,1.0,0.8569936854162244
0.05778894472361809,0.8,0.075,normal,1.0,0.0,1.0,0.8569936854162244
0.06557788944723618,0.8,0.075,normal,1.0,0.0,1.0,0.8569936854162244
0.07336683417085427,0.8,0.075,normal,1.0,0.0,1.0,0.8569936854162244
0.08115577889447237,0.8,0.075,normal,1.0,0.0,1.0,0.8569936854162244
0.08894472361809046,0.8,0.075,normal,1.0,0.0,1.0,0.8569936854162244
0.09673366834170855,0.8,0.075,normal,1.0,0.0,1.0,0.8569936854162244
0.10452261306532665,0.8,0.075,normal,1.0,0.0,1.0,0.8569936854162244
0.11231155778894472,0.8,0.075,normal,1.0,0.0,1.0,0.8569936854162244
0.12010050251256282,0.8,0.075,normal,1.0,0.0,1.0,0.8569936854162244
0.1278894472361809,0.8,0.075,normal,1.0,0.0,1.0,0.8569936854162244
0.135678391959799,0.8,0.075,normal,1.0,0.0,1.0,0.8569936854162244
0.1434673366834171,0.8,0.075,normal,1.0,0.0,1.0,0.8569936854162244
0.15125628140703518,0.8,0.075,normal,1.0,0.0,1.0,0.8569936854162244
0.15904522613065328,0.8,0.075,normal,1.0,0.0,1.0,0.8569936854162244
0.16683417085427138,0.8,0.075,normal,1.0,0.0,1.0,0.8569936854162244
0.17462311557788945,0.8,0.075,normal,1.0,0.0,1.0,0.8569936854162244
0.18241206030150753,0.8,0.075,normal,1.0,0.0,1.0,0.8569936854162244
0.19020100502512566,0.8,0.075,normal,1.0,0.0,1.0,0.8569936854162244
0.19798994974874373,0.8,0.075,normal,1.0,0.0,1.0,0.8569936854162244
0.2057788944723618,0.8,0.075,normal,1.0,0.0,1.0,0.8569936854162244
0.21356783919597988,0.8,0.075,normal,1.0,0.0,1.0,0.8569936854162244
0.221356783919598,0.8,0.075,normal,1.0,0.0,1.0,0.8569936854162244
0.22914572864321608,0.8,0.075,normal,1.0,0.0,1.0,0.8569936854162244
0.23693467336683416,0.8,0.075,normal,1.0,0.0,1.0,0.8569936854162244
0.2447236180904523,0.8,0.075,normal,1.0,0.0,1.0,0.8569936854162244
0.25251256281407036,0.8,0.075,normal,1.0,0.0,1.0,0.8569936854162244
0.26030150753768844,0.8,0.075,normal,1.0,0.0,1.0,0.8569936854162244
0.26809045226130657,0.8,0.075,normal,1.0,0.0,1.0,0.8569936854162244
0.27587939698492464,0.8,0.075,normal,1.0,0.0,1.0,0.8569936854162244
0.2836683417085427,0.8,0.075,normal,1.0,0.0,1.0,0.8569936854162244
0.2914572864321608,0.8,0.075,normal,1.0,0.0,1.0,0.8569936854162244
0.2992462311557789,0.8,0.075,normal,1.0,0.0,1.0,0.8569936854162244
0.307035175879397,0.8,0.075,normal,1.0,0.0,1.0,0.8569936854162244
0.31482412060301507,0.8,0.075,normal,1.0,0.0,1.0,0.8569936854162244
0.32261306532663314,0.8,0.075,normal,1.0,0.0,1.0,0.8569936854162244
0.33040201005025127,0.8,0.075,normal,1.0,0.0,1.0,0.8569936854162244
0.33819095477386935,0.8,0.075,normal,1.0,0.0,1.0,0.8569936854162244
0.3459798994974874,0.8,0.075,normal,1.0,0.0,1.0,0.8569936854162244
0.35376884422110555,0.8,0.075,normal,1.0,0.0,1.0,0.8569936854162244
0.3615577889447236,0.8,0.075,normal,1.0,0.0,1.0,0.8569936854162244
0.3693467336683417,0.8,0.075,normal,1.0,0.0,1.0,0.8569936854162244
0.37713567839195977,0.8,0.075,normal,1.0,0.0,1.0,0.8569936854162244
0.3849246231155779,0.8,0.075,normal,1.0,0.0,1.0,0.8569936854162244
0.392713567839196,0.8,0.075,normal,1.0,0.0,1.0,0.8569936854162244
0.40050251256281405,0.8,0.075,normal,1.0,0.0,1.0,0.8569936854162244
0.4082914572864322,0.8,0.075,normal,1.0,0.0,1.0,0.8569936854162244
0.41608040201005025,0.8,0.075,normal,1.0,0.0,1.0,0.8569936854162244
0.42386934673366833,0.8,0.075,normal,1.0,0.0,1.0,0.8569936854162244
0.43165829145728646,0.8,0.075,normal,1.0,0.0,1.0,0.8569936854162244
0.43944723618090453,0.8,0.075,normal,1.0,0.0,1.0,0.8569936854162244
0.4472361809045226,0.8,0.075,normal,1.0,0.0,1.0,0.8569936854162244
0.4550251256281407,0.8,0.075,normal,1.0,0.0,1.0,0.8569936854162244
0.4628140703517588,0.8,0.075,normal,1.0,0.0,1.0,0.8569936854162244
0.4706030150753769,0.8,0.075,normal,1.0,0.0,1.0,0.8569936854162244
0.47839195979899496,0.8,0.075,normal,1.0,0.0,1.0,0.8569936854162244
0.4861809045226131,0.8,0.075,normal,1.0,0.0,1.0,0.8569936854162244
0.49396984924623116,0.8,0.075,normal,1.0,0.0,1.0,0.8569936854162244
0.5017587939698492,0.8,0.075,normal,1.0,0.0,1.0,0.8569936854162244
0.5095477386934674,0.8,0.075,normal,1.0,0.0,1.0,0.8569936854162244
0.5173366834170855,0.8,0.075,normal,1.0,0.0,1.0,0.8569936854162244
0.5251256281407035,0.8,0.075,normal,1.0,0.0,1.0,0.8569936854162244
0.5329145728643216,0.8,0.075,normal,1.0,0.0,1.0,0.8569936854162244
0.5407035175879398,0.8,0.075,normal,1.0,0.0,1.0,0.8569936854162244
0.5484924623115578,0.8,0.075,normal,1.0,0.0,1.0,0.8569936854162244
0.5562814070351759,0.8,0.075,normal,1.0,0.0,1.0,0.8569936854162244
0.564070351758794,0.8,0.075,normal,1.0,0.0,1.0,0.8569936854162244
0.5718592964824121,0.8,0.075,normal,1.0,0.0,1.0,0.8569936854162244
0.5796482412060302,0.8,0.075,normal,1.0,0.0,1.0,0.8569936854162244
0.5874371859296483,0.8,0.075,normal,1.0,0.0,1.0,0.8569936854162244
0.5952261306532663,0.8,0.075,normal,1.0,0.0,1.0,0.8569936854162244
0.6030150753768845,0.8,0.075,normal,1.0,0.0,1.0,0.8569936854162244
0.6108040201005026,0.8,0.075,normal,1.0,0.0,1.0,0.8569936854162244
0.6185929648241206,0.8,0.075,normal,1.0,0.0,1.0,0.8569936854162244
0.6263819095477388,0.8,0.075,normal,1.0,0.0,1.0,0.8569936854162244
0.6341708542713569,0.8,0.075,normal,1.0,0.0,1.0,0.8569936854162244
0.6419597989949749,0.8,0.075,normal,1.0,0.0,1.0,0.8569936854162244
0.649748743718593,0.8,0.075,normal,1.0,0.0,1.0,0.8569936854162244
0.6575376884422112,0.8,0.075,normal,1.0,0.0,1.0,0.8569936854162244
0.6653266331658292,0.8,0.075,normal,1.0,0.0,1.0,0.8569936854162244
0.6731155778894473,0.8,0.075,normal,1.0,0.0,1.0,0.8569936854162244
0.6809045226130654,0.8,0.075,normal,1.0,0.0,1.0,0.8569936854162244
0.6886934673366835,0.8,0.075,normal,1.0,0.0,1.0,0.8569936854162244
0.6964824120603016,0.8,0.075,normal,1.0,0.0,1.0,0.8569936854162244
0.7042713567839196,0.8,0.075,normal,1.0,0.0,1.0,0.8569936854162244
0.7120603015075377,0.8,0.075,normal,1.0,0.0,1.0,0.8569936854162244
0.7198492462311559,0.8,0.075,normal,1.0,0.0,1.0,0.8569936854162244
0.7276381909547739,0.8,0.075,normal,1.0,0.0,1.0,0.8569936854162244
0.735427135678392,0.8,0.075,normal,1.0,0.0,1.0,0.8569936854162244
0.7432160804020101,0.8,0.075,normal,1.0,0.0,1.0,0.8569936854162244
0.7510050251256282,0.8,0.075,normal,1.0,0.0,1.0,0.8569936854162244
0.7587939698492463,0.8,0.075,normal,1.0,0.0,1.0,0.8569936854162244
0.7665829145728644,0.8,0.075,normal,1.0,0.0,1.0,0.8569936854162244
0.7743718592964824,0.8,0.075,normal,1.0,0.0,1.0,0.8569936854162244
0.7821608040201006,0.8,0.075,normal,1.0,0.0,1.0,0.8569936854162244
0.7899497487437187,0.8,0.075,normal,1.0,0.0,1.0,0.8569936854162244
0.7977386934673367,0.8,0.075,normal,1.0,0.0,1.0,0.8569936854162244
0.8055276381909549,0.8,0.075,normal,1.0,0.0,1.0,0.8569936854162244
0.813316582914573,0.8,0.075,normal,1.0,0.0,1.0,0.8569936854162244
0.821105527638191,0.8,0.075,normal,1.0,0.0,1.0,0.8569936854162244
0.8288944723618091,0.8,0.075,normal,1.0,0.0,1.0,0.8569936854162244
0.8366834170854272,0.8,0.075,normal,1.0,0.0,1.0,0.8569936854162244
0.8444723618090453,0.8,0.075,normal,1.0,0.0,1.0,0.8569936854162244
0.8522613065326634,0.8,0.075,normal,1.0,0.0,1.0,0.8569936854162244
0.8600502512562814,0.8,0.075,normal,1.0,0.0,1.0,0.8569936854162244
0.8678391959798996,0.8,0.075,normal,1.0,0.0,1.0,0.8569936854162244
0.8756281407035177,0.8,0.075,normal,1.0,0.0,1.0,0.8569936854162244
0.8834170854271357,0.8,0.075,normal,1.0,0.0,1.0,0.8569936854162244
0.8912060301507538,0.8,0.075,normal,1.0,0.0,1.0,0.8569936854162244
0.898994974874372,0.8,0.075,normal,1.0,0.0,1.0,0.8569936854162244
0.90678391959799,0.8,0.075,normal,1.0,0.0,1.0,0.8569936854162244
0.9145728643216081,0.8,0.075,normal,1.0,0.0,1.0,0.8569936854162244
0.9223618090452262,0.8,0.075,normal,1.0,0.0,1.0,0.8569936854162244
0.9301507537688443,0.8,0.075,normal,1.0,0.0,1.0,0.8569936854162244
0.9379396984924624,0.8,0.075,normal,1.0,0.0,1.0,0.8569936854162244
0.9457286432160805,0.8,0.075,normal,1.0,0.0,1.0,0.8569936854162244
0.9535175879396985,0.8,0.075,normal,1.0,0.0,1.0,0.8569936854162244
0.9613065326633167,0.8,0.075,normal,1.0,0.0,1.0,0.8569936854162244
0.9690954773869348,0.8,0.075,normal,1.0,0.0,1.0,0.8569936854162244
0.9768844221105528,0.8,0.075,normal,1.0,0.0,1.0,0.8569936854162244
0.984673366834171,0.8,0.075,normal,1.0,0.0,1.0,0.8569936854162244
0.992462311557789,0.8,0.075,normal,1.0,0.0,1.0,0.8569936854162244
1.000251256281407,0.8,0.075,normal,1.0,0.0,1.0,0.8569936854162244
1.0080402010050251,0.8,0.075,normal,1.0,0.0,1.0,0.8569936854162244
1.0158291457286432,0.8,0.075,normal,1.0,0.0,1.0,0.8569936854162244
1.0236180904522614,0.8,0.075,normal,1.0,0.0,1.0,0.8569936854162244
1.0314070351758795,0.8,0.075,normal,1.0,0.0,1.0,0.8569936854162244
1.0391959798994974,0.8,0.075,normal,1.0,0.0,1.0,0.8569936854162244
1.0469849246231155,0.8,0.075,normal,1.0,0.0,1.0,0.8569936854162244
1.0547738693467337,0.8,0.075,normal,1.0,0.0,1.0,0.8569936854162244
1.0625628140703518,0.8,0.075,normal,1.0,0.0,1.0,0.8569936854162244
1.07035175879397,0.8,0.075,normal,1.0,0.0,1.0,0.8569936854162244
1.078140703517588,0.8,0.075,normal,1.0,0.0,1.0,0.8569936854162244
1.0859296482412062,0.8,0.075,normal,1.0,0.0,1.0,0.8569936854162244
1.093718592964824,0.8,0.075,normal,1.0,0.0,1.0,0.8569936854162244
1.1015075376884422,0.8,0.075,normal,1.0,0.0,1.0,0.8569936854162244
1.1092964824120604,0.8,0.075,normal,1.0,0.0,1.0,0.8569936854162244
1.1170854271356785,0.8,0.075,normal,1.0,0.0,1.0,0.8569936854162244
1.1248743718592966,0.8,0.075,normal,1.0,0.0,1.0,0.8569936854162244
1.1326633165829147,0.8,0.075,normal,1.0,0.0,1.0,0.8569936854162244
1.1404522613065327,0.8,0.075,normal,1.0,0.0,1.0,0.8569936854162244
1.1482412060301508,0.8,0.075,normal,1.0,0.0,1.0,0.8569936854162244
1.156030150753769,0.8,0.075,normal,1.0,0.0,1.0,0.8569936854162244
1.163819095477387,0.8,0.075,normal,1.0,0.0,1.0,0.8569936854162244
1.1716080402010052,0.8,0.075,normal,1.0,0.0,1.0,0.8569936854162244
1.1793969849246233,0.8,0.075,normal,1.0,0.0,1.0,0.8569936854162244
1.1871859296482412,0.8,0.075,normal,1.0,0.0,1.0,0.8569936854162244
1.1949748743718593,0.8,0.075,normal,1.0,0.0,1.0,0.8569936854162244
1.2027638190954775,0.8,0.075,normal,1.0,0.0,1.0,0.8569936854162244
1.2105527638190956,0.8,0.075,normal,1.0,0.0,1.0,0.8569936854162244
1.2183417085427137,0.8,0.075,normal,1.0,0.0,1.0,0.8569936854162244
1.2261306532663316,0.8,0.075,normal,1.0,0.0,1.0,0.8569936854162244
1.2339195979899498,0.8,0.075,normal,1.0,0.0,1.0,0.8569936854162244
1.241708542713568,0.8,0.075,normal,1.0,0.0,1.0,0.8569936854162244
1.249497487437186,0.8,0.075,reverse,0.0,1.0,0.0,0.6677242267793448
1.2572864321608042,0.8,0.075,reverse,0.0,1.0,0.0,0.6677242267793448
1.2650753768844223,0.8,0.075,reverse,0.0,1.0,0.0,0.6677242267793448
1.2728643216080402,0.8,0.075,reverse,0.0,1.0,0.0,0.6677242267793448
1.2806532663316583,0.8,0.075,reverse,0.0,1.0,0.0,0.6677242267793448
1.2884422110552765,0.8,0.075,reverse,0.0,1.0,0.0,0.6677242267793448
1.2962311557788946,0.8,0.075,reverse,0.0,1.0,0.0,0.6677242267793448
1.3040201005025127,0.8,0.075,reverse,0.0,1.0,0.0,0.6677242267793448
1.3118090452261308,0.8,0.075,reverse,0.0,1.0,0.0,0.6677242267793448
1.3195979899497488,0.8,0.075,reverse,0.0,1.0,0.0,0.6677242267793448
1.3273869346733669,0.8,0.075,reverse,0.0,1.0,0.0,0.6677242267793448
1.335175879396985,0.8,0.075,reverse,0.0,1.0,0.0,0.6677242267793448
1.3429648241206031,0.8,0.075,reverse,0.0,1.0,0.0,0.6677242267793448
1.3507537688442213,0.8,0.075,reverse,0.0,1.0,0.0,0.6677242267793448
1.3585427135678392,0.8,0.075,reverse,0.0,1.0,0.0,0.6677242267793448
1.3663316582914573,0.8,0.075,reverse,0.0,1.0,0.0,0.6677242267793448
1.3741206030150754,0.8,0.075,reverse,0.0,1.0,0.0,0.6677242267793448
1.3819095477386936,0.8,0.075,reverse,0.0,1.0,0.0,0.6677242267793448
1.3896984924623117,0.8,0.075,reverse,0.0,1.0,0.0,0.6677242267793448
1.3974874371859298,0.8,0.075,reverse,0.0,1.0,0.0,0.6677242267793448
1.4052763819095477,0.8,0.075,reverse,0.0,1.0,0.0,0.6677242267793448
1.4130653266331659,0.8,0.075,reverse,0.0,1.0,0.0,0.6677242267793448
1.420854271356784,0.8,0.075,reverse,0.0,1.0,0.0,0.6677242267793448
1.4286432160804021,0.8,0.075,reverse,0.0,1.0,0.0,0.6677242267793448
1.4364321608040203,0.8,0.075,reverse,0.0,1.0,0.0,0.6677242267793448
1.4442211055276384,0.8,0.075,reverse,0.0,1.0,0.0,0.6677242267793448
1.4520100502512563,0.8,0.075,reverse,0.0,1.0,0.0,0.6677242267793448
1.4597989949748744,0.8,0.075,reverse,0.0,1.0,0.0,0.6677242267793448
1.4675879396984925,0.8,0.075,reverse,0.0,1.0,0.0,0.6677242267793448
1.4753768844221107,0.8,0.075,reverse,0.0,1.0,0.0,0.6677242267793448
1.4831658291457288,0.8,0.075,reverse,0.0,1.0,0.0,0.6677242267793448
1.4909547738693467,0.8,0.075,reverse,0.0,1.0,0.0,0.6677242267793448
1.4987437185929648,0.8,0.075,reverse,0.0,1.0,0.0,0.6677242267793448
1.506532663316583,0.8,0.075,reverse,0.0,1.0,0.0,0.6677242267793448
1.514321608040201,0.8,0.075,reverse,0.0,1.0,0.0,0.6677242267793448
1.5221105527638192,0.8,0.075,reverse,0.0,1.0,0.0,0.6677242267793448
1.5298994974874374,0.8,0.075,reverse,0.0,1.0,0.0,0.6677242267793448
1.5376884422110553,0.8,0.075,reverse,0.0,1.0,0.0,0.6677242267793448
1.5454773869346734,0.8,0.075,reverse,0.0,1.0,0.0,0.6677242267793448
1.5532663316582915,0.8,0.075,reverse,0.0,1.0,0.0,0.6677242267793448
1.5610552763819097,0.8,0.075,reverse,0.0,1.0,0.0,0.6677242267793448
1.5688442211055278,0.8,0.075,reverse,0.0,1.0,0.0,0.6677242267793448
1.576633165829146,0.8,0.075,reverse,0.0,1.0,0.0,0.6677242267793448
1.5844221105527638,0.8,0.075,reverse,0.0,1.0,0.0,0.6677242267793448
1.592211055276382,0.8,0.075,reverse,0.0,1.0,0.0,0.6677242267793448
1.6,0.8,0.075,reverse,0.0,1.0,0.0,0.6677242267793448
