scenario,phi_H,phi_L,p_rho,high_participation,low_participation,accepted_high_share,accepted_helpfulness
normal,0.3,0.8,0.005,1.0,1.0,0.5983257220632636,0.7809690122827788
normal,0.3,0.8,0.007478991596638656,1.0,1.0,0.5983257220632636,0.7809690122827788
normal,0.3,0.8,0.009957983193277311,1.0,1.0,0.5983257220632636,0.7809690122827788
normal,0.3,0.8,0.012436974789915966,1.0,1.0,0.5983257220632636,0.7809690122827788
normal,0.3,0.8,0.014915966386554621,1.0,1.0,0.5983257220632636,0.7809690122827788
normal,0.3,0.8,0.017394957983193276,1.0,1.0,0.5983257220632636,0.7809690122827788
normal,0.3,0.8,0.019873949579831934,1.0,1.0,0.5983257220632636,0.7809690122827788
normal,0.3,0.8,0.02235294117647059,1.0,1.0,0.5983257220632636,0.7809690122827788
normal,0.3,0.8,0.024831932773109244,1.0,1.0,0.5983257220632636,0.7809690122827788
normal,0.3,0.8,0.0273109243697479,1.0,1.0,0.5983257220632636,0.7809690122827788
normal,0.3,0.8,0.029789915966386554,1.0,1.0,0.5983257220632636,0.7809690122827788
normal,0.3,0.8,0.03226890756302521,1.0,1.0,0.5983257220632636,0.7809690122827788
normal,0.3,0.8,0.034747899159663864,1.0,1.0,0.5983257220632636,0.7809690122827788
normal,0.3,0.8,0.03722689075630252,1.0,1.0,0.5983257220632636,0.7809690122827788
normal,0.3,0.8,0.039705882352941174,1.0,1.0,0.5983257220632636,0.7809690122827788
normal,0.3,0.8,0.04218487394957983,1.0,1.0,0.5983257220632636,0.7809690122827788
normal,0.3,0.8,0.044663865546218484,1.0,1.0,0.5983257220632636,0.7809690122827788
normal,0.3,0.8,0.04714285714285714,1.0,1.0,0.5983257220632636,0.7809690122827788
normal,0.3,0.8,0.049621848739495794,1.0,1.0,0.5983257220632636,0.7809690122827788
normal,0.3,0.8,0.05210084033613445,1.0,1.0,0.5983257220632636,0.7809690122827788
normal,0.3,0.8,0.054579831932773104,1.0,1.0,0.5983257220632636,0.7809690122827788
normal,0.3,0.8,0.05705882352941176,1.0,1.0,0.5983257220632636,0.7809690122827788
normal,0.3,0.8,0.059537815126050414,1.0,1.0,0.5983257220632636,0.7809690122827788
normal,0.3,0.8,0.06201680672268907,1.0,1.0,0.5983257220632636,0.7809690122827788
normal,0.3,0.8,0.06449579831932774,1.0,1.0,0.5983257220632636,0.7809690122827788
normal,0.3,0.8,0.06697478991596639,1.0,1.0,0.5983257220632636,0.7809690122827788
normal,0.3,0.8,0.06945378151260505,1.0,1.0,0.5983257220632636,0.7809690122827788
normal,0.3,0.8,0.0719327731092437,1.0,1.0,0.5983257220632636,0.7809690122827788
normal,0.3,0.8,0.07441176470588236,1.0,1.0,0.5983257220632636,0.7809690122827788
normal,0.3,0.8,0.07689075630252101,1.0,1.0,0.5983257220632636,0.7809690122827788
normal,0.3,0.8,0.07936974789915967,1.0,1.0,0.5983257220632636,0.7809690122827788
normal,0.3,0.8,0.08184873949579832,1.0,1.0,0.5983257220632636,0.7809690122827788
normal,0.3,0.8,0.08432773109243698,1.0,1.0,0.5983257220632636,0.7809690122827788
normal,0.3,0.8,0.08680672268907563,1.0,1.0,0.5983257220632636,0.7809690122827788
normal,0.3,0.8,0.08928571428571429,1.0,1.0,0.5983257220632636,0.7809690122827788
normal,0.3,0.8,0.09176470588235294,1.0,1.0,0.5983257220632636,0.7809690122827788
normal,0.3,0.8,0.0942436974789916,1.0,1.0,0.5983257220632636,0.7809690122827788
normal,0.3,0.8,0.09672268907563025,1.0,1.0,0.5983257220632636,0.7809690122827788
normal,0.3,0.8,0.09920168067226891,1.0,1.0,0.5983257220632636,0.7809690122827788
normal,0.3,0.8,0.10168067226890756,1.0,1.0,0.5983257220632636,0.7809690122827788
normal,0.3,0.8,0.10415966386554622,1.0,1.0,0.5983257220632636,0.7809690122827788
normal,0.3,0.8,0.10663865546218487,1.0,1.0,0.5983257220632636,0.7809690122827788
normal,0.3,0.8,0.10911764705882353,1.0,1.0,0.5983257220632636,0.7809690122827788
normal,0.3,0.8,0.11159663865546218,1.0,1.0,0.5983257220632636,0.7809690122827788
normal,0.3,0.8,0.11407563025210084,1.0,1.0,0.5983257220632636,0.7809690122827788
normal,0.3,0.8,0.11655462184873949,1.0,1.0,0.5983257220632636,0.7809690122827788
normal,0.3,0.8,0.11903361344537815,1.0,1.0,0.5983257220632636,0.7809690122827788
normal,0.3,0.8,0.1215126050420168,1.0,1.0,0.5983257220632636,0.7809690122827788
normal,0.3,0.8,0.12399159663865547,1.0,1.0,0.5983257220632636,0.7809690122827788
normal,0.3,0.8,0.1264705882352941,1.0,1.0,0.5983257220632636,0.7809690122827788
normal,0.3,0.8,0.12894957983193278,1.0,1.0,0.5983257220632636,0.7809690122827788
normal,0.3,0.8,0.13142857142857142,1.0,1.0,0.5983257220632636,0.7809690122827788
normal,0.3,0.8,0.1339075630252101,1.0,1.0,0.5983257220632636,0.7809690122827788
normal,0.3,0.8,0.13638655462184873,1.0,1.0,0.5983257220632636,0.7809690122827788
normal,0.3,0.8,0.1388655462184874,1.0,1.0,0.5983257220632636,0.7809690122827788
normal,0.3,0.8,0.14134453781512604,1.0,0.0,1.0,0.8569936854162244
normal,0.3,0.8,0.1438235294117647,1.0,0.0,1.0,0.8569936854162244
normal,0.3,0.8,0.14630252100840335,1.0,0.0,1.0,0.8569936854162244
normal,0.3,0.8,0.14878151260504202,1.0,0.0,1.0,0.8569936854162244
normal,0.3,0.8,0.15126050420168066,1.0,0.0,1.0,0.8569936854162244
normal,0.3,0.8,0.15373949579831933,1.0,0.0,1.0,0.8569936854162244
normal,0.3,0.8,0.15621848739495797,1.0,0.0,1.0,0.8569936854162244
normal,0.3,0.8,0.15869747899159664,1.0,0.0,1.0,0.8569936854162244
normal,0.3,0.8,0.16117647058823528,1.0,0.0,1.0,0.8569936854162244
normal,0.3,0.8,0.16365546218487395,1.0,0.0,1.0,0.8569936854162244
normal,0.3,0.8,0.16613445378151262,1.0,0.0,1.0,0.8569936854162244
normal,0.3,0.8,0.16861344537815126,1.0,0.0,1.0,0.8569936854162244
normal,0.3,0.8,0.17109243697478993,1.0,0.0,1.0,0.8569936854162244
normal,0.3,0.8,0.17357142857142857,1.0,0.0,1.0,0.8569936854162244
normal,0.3,0.8,0.17605042016806724,1.0,0.0,1.0,0.8569936854162244
normal,0.3,0.8,0.17852941176470588,1.0,0.0,1.0,0.8569936854162244
normal,0.3,0.8,0.18100840336134455,1.0,0.0,1.0,0.8569936854162244
normal,0.3,0.8,0.1834873949579832,1.0,0.0,1.0,0.8569936854162244
normal,0.3,0.8,0.18596638655462186,1.0,0.0,1.0,0.8569936854162244
normal,0.3,0.8,0.1884453781512605,1.0,0.0,1.0,0.8569936854162244
normal,0.3,0.8,0.19092436974789917,1.0,0.0,1.0,0.8569936854162244
normal,0.3,0.8,0.1934033613445378,1.0,0.0,1.0,0.8569936854162244
normal,0.3,0.8,0.19588235294117648,1.0,0.0,1.0,0.8569936854162244
normal,0.3,0.8,0.19836134453781512,1.0,0.0,1.0,0.8569936854162244
normal,0.3,0.8,0.2008403361344538,1.0,0.0,1.0,0.8569936854162244
normal,0.3,0.8,0.20331932773109243,1.0,0.0,1.0,0.8569936854162244
normal,0.3,0.8,0.2057983193277311,1.0,0.0,1.0,0.8569936854162244
normal,0.3,0.8,0.20827731092436974,1.0,0.0,1.0,0.8569936854162244
normal,0.3,0.8,0.2107563025210084,1.0,0.0,1.0,0.8569936854162244
normal,0.3,0.8,0.21323529411764705,1.0,0.0,1.0,0.8569936854162244
normal,0.3,0.8,0.21571428571428572,1.0,0.0,1.0,0.8569936854162244
normal,0.3,0.8,0.21819327731092436,1.0,0.0,1.0,0.8569936854162244
normal,0.3,0.8,0.22067226890756303,1.0,0.0,1.0,0.8569936854162244
normal,0.3,0.8,0.22315126050420167,1.0,0.0,1.0,0.8569936854162244
normal,0.3,0.8,0.22563025210084034,1.0,0.0,1.0,0.8569936854162244
normal,0.3,0.8,0.22810924369747898,1.0,0.0,1.0,0.8569936854162244
normal,0.3,0.8,0.23058823529411765,1.0,0.0,1.0,0.8569936854162244
normal,0.3,0.8,0.2330672268907563,1.0,0.0,1.0,0.8569936854162244
normal,0.3,0.8,0.23554621848739496,1.0,0.0,1.0,0.8569936854162244
normal,0.3,0.8,0.2380252100840336,1.0,0.0,1.0,0.8569936854162244
normal,0.3,0.8,0.24050420168067227,1.0,0.0,1.0,0.8569936854162244
normal,0.3,0.8,0.24298319327731094,1.0,0.0,1.0,0.8569936854162244
normal,0.3,0.8,0.24546218487394958,1.0,0.0,1.0,0.8569936854162244
normal,0.3,0.8,0.24794117647058825,1.0,0.0,1.0,0.8569936854162244
normal,0.3,0.8,0.2504201680672269,1.0,0.0,1.0,0.8569936854162244
normal,0.3,0.8,0.25289915966386556,1.0,0.0,1.0,0.8569936854162244
normal,0.3,0.8,0.2553781512605042,1.0,0.0,1.0,0.8569936854162244
normal,0.3,0.8,0.25785714285714284,1.0,0.0,1.0,0.8569936854162244
normal,0.3,0.8,0.2603361344537815,1.0,0.0,1.0,0.8569936854162244
normal,0.3,0.8,0.2628151260504202,1.0,0.0,1.0,0.8569936854162244
normal,0.3,0.8,0.26529411764705885,1.0,0.0,1.0,0.8569936854162244
normal,0.3,0.8,0.26777310924369746,1.0,0.0,1.0,0.8569936854162244
normal,0.3,0.8,0.27025210084033613,1.0,0.0,1.0,0.8569936854162244
normal,0.3,0.8,0.2727310924369748,1.0,0.0,1.0,0.8569936854162244
normal,0.3,0.8,0.27521008403361347,1.0,0.0,1.0,0.8569936854162244
normal,0.3,0.8,0.2776890756302521,1.0,0.0,1.0,0.8569936854162244
normal,0.3,0.8,0.28016806722689075,1.0,0.0,1.0,0.8569936854162244
normal,0.3,0.8,0.2826470588235294,1.0,0.0,1.0,0.8569936854162244
normal,0.3,0.8,0.2851260504201681,1.0,0.0,1.0,0.8569936854162244
normal,0.3,0.8,0.2876050420168067,1.0,0.0,1.0,0.8569936854162244
normal,0.3,0.8,0.29008403361344537,1.0,0.0,1.0,0.8569936854162244
normal,0.3,0.8,0.29256302521008404,1.0,0.0,1.0,0.8569936854162244
normal,0.3,0.8,0.2950420168067227,1.0,0.0,1.0,0.8569936854162244
normal,0.3,0.8,0.2975210084033613,1.0,0.0,1.0,0.8569936854162244
normal,0.3,0.8,0.3,1.0,0.0,1.0,0.8569936854162244
reverse,0.9,0.1,0.005,1.0,1.0,0.5983257220632636,0.7809690122827788
reverse,0.9,0.1,0.007478991596638656,1.0,1.0,0.5983257220632636,0.7809690122827788
reverse,0.9,0.1,0.009957983193277311,1.0,1.0,0.5983257220632636,0.7809690122827788
reverse,0.9,0.1,0.012436974789915966,1.0,1.0,0.5983257220632636,0.7809690122827788
reverse,0.9,0.1,0.014915966386554621,1.0,1.0,0.5983257220632636,0.7809690122827788
reverse,0.9,0.1,0.017394957983193276,1.0,1.0,0.5983257220632636,0.7809690122827788
reverse,0.9,0.1,0.019873949579831934,1.0,1.0,0.5983257220632636,0.7809690122827788
reverse,0.9,0.1,0.02235294117647059,1.0,1.0,0.5983257220632636,0.7809690122827788
reverse,0.9,0.1,0.024831932773109244,1.0,1.0,0.5983257220632636,0.7809690122827788
reverse,0.9,0.1,0.0273109243697479,1.0,1.0,0.5983257220632636,0.7809690122827788
reverse,0.9,0.1,0.029789915966386554,1.0,1.0,0.5983257220632636,0.7809690122827788
reverse,0.9,0.1,0.03226890756302521,1.0,1.0,0.5983257220632636,0.7809690122827788
reverse,0.9,0.1,0.034747899159663864,1.0,1.0,0.5983257220632636,0.7809690122827788
reverse,0.9,0.1,0.03722689075630252,1.0,1.0,0.5983257220632636,0.7809690122827788
reverse,0.9,0.1,0.039705882352941174,1.0,1.0,0.5983257220632636,0.7809690122827788
reverse,0.9,0.1,0.04218487394957983,1.0,1.0,0.5983257220632636,0.7809690122827788
reverse,0.9,0.1,0.044663865546218484,1.0,1.0,0.5983257220632636,0.7809690122827788
reverse,0.9,0.1,0.04714285714285714,1.0,1.0,0.5983257220632636,0.7809690122827788
reverse,0.9,0.1,0.049621848739495794,1.0,1.0,0.5983257220632636,0.7809690122827788
reverse,0.9,0.1,0.05210084033613445,1.0,1.0,0.5983257220632636,0.7809690122827788
reverse,0.9,0.1,0.054579831932773104,1.0,1.0,0.5983257220632636,0.7809690122827788
reverse,0.9,0.1,0.05705882352941176,1.0,1.0,0.5983257220632636,0.7809690122827788
reverse,0.9,0.1,0.059537815126050414,1.0,1.0,0.5983257220632636,0.7809690122827788
reverse,0.9,0.1,0.06201680672268907,1.0,1.0,0.5983257220632636,0.7809690122827788
reverse,0.9,0.1,0.06449579831932774,1.0,1.0,0.5983257220632636,0.7809690122827788
reverse,0.9,0.1,0.06697478991596639,1.0,1.0,0.5983257220632636,0.7809690122827788
reverse,0.9,0.1,0.06945378151260505,1.0,1.0,0.5983257220632636,0.7809690122827788
reverse,0.9,0.1,0.0719327731092437,1.0,1.0,0.5983257220632636,0.7809690122827788
reverse,0.9,0.1,0.07441176470588236,1.0,1.0,0.5983257220632636,0.7809690122827788
reverse,0.9,0.1,0.07689075630252101,1.0,1.0,0.5983257220632636,0.7809690122827788
reverse,0.9,0.1,0.07936974789915967,1.0,1.0,0.5983257220632636,0.7809690122827788
reverse,0.9,0.1,0.08184873949579832,1.0,1.0,0.5983257220632636,0.7809690122827788
reverse,0.9,0.1,0.08432773109243698,1.0,1.0,0.5983257220632636,0.7809690122827788
reverse,0.9,0.1,0.08680672268907563,1.0,1.0,0.5983257220632636,0.7809690122827788
reverse,0.9,0.1,0.08928571428571429,1.0,1.0,0.5983257220632636,0.7809690122827788
reverse,0.9,0.1,0.09176470588235294,1.0,1.0,0.5983257220632636,0.7809690122827788
reverse,0.9,0.1,0.0942436974789916,1.0,1.0,0.5983257220632636,0.7809690122827788
reverse,0.9,0.1,0.09672268907563025,1.0,1.0,0.5983257220632636,0.7809690122827788
reverse,0.9,0.1,0.09920168067226891,1.0,1.0,0.5983257220632636,0.7809690122827788
reverse,0.9,0.1,0.10168067226890756,1.0,1.0,0.5983257220632636,0.7809690122827788
reverse,0.9,0.1,0.10415966386554622,1.0,1.0,0.5983257220632636,0.7809690122827788
reverse,0.9,0.1,0.10663865546218487,1.0,1.0,0.5983257220632636,0.7809690122827788
reverse,0.9,0.1,0.10911764705882353,1.0,1.0,0.5983257220632636,0.7809690122827788
reverse,0.9,0.1,0.11159663865546218,1.0,1.0,0.5983257220632636,0.7809690122827788
reverse,0.9,0.1,0.11407563025210084,1.0,1.0,0.5983257220632636,0.7809690122827788
reverse,0.9,0.1,0.11655462184873949,1.0,1.0,0.5983257220632636,0.7809690122827788
reverse,0.9,0.1,0.11903361344537815,1.0,1.0,0.5983257220632636,0.7809690122827788
reverse,0.9,0.1,0.1215126050420168,1.0,1.0,0.5983257220632636,0.7809690122827788
reverse,0.9,0.1,0.12399159663865547,1.0,1.0,0.5983257220632636,0.7809690122827788
reverse,0.9,0.1,0.1264705882352941,1.0,1.0,0.5983257220632636,0.7809690122827788
reverse,0.9,0.1,0.12894957983193278,1.0,1.0,0.5983257220632636,0.7809690122827788
reverse,0.9,0.1,0.13142857142857142,1.0,1.0,0.5983257220632636,0.7809690122827788
reverse,0.9,0.1,0.1339075630252101,1.0,1.0,0.5983257220632636,0.7809690122827788
reverse,0.9,0.1,0.13638655462184873,1.0,1.0,0.5983257220632636,0.7809690122827788
reverse,0.9,0.1,0.1388655462184874,1.0,1.0,0.5983257220632636,0.7809690122827788
reverse,0.9,0.1,0.14134453781512604,1.0,1.0,0.5983257220632636,0.7809690122827788
reverse,0.9,0.1,0.1438235294117647,1.0,1.0,0.5983257220632636,0.7809690122827788
reverse,0.9,0.1,0.14630252100840335,1.0,1.0,0.5983257220632636,0.7809690122827788
reverse,0.9,0.1,0.14878151260504202,1.0,1.0,0.5983257220632636,0.7809690122827788
reverse,0.9,0.1,0.15126050420168066,1.0,1.0,0.5983257220632636,0.7809690122827788
reverse,0.9,0.1,0.15373949579831933,1.0,1.0,0.5983257220632636,0.7809690122827788
reverse,0.9,0.1,0.15621848739495797,1.0,1.0,0.5983257220632636,0.7809690122827788
reverse,0.9,0.1,0.15869747899159664,1.0,1.0,0.5983257220632636,0.7809690122827788
reverse,0.9,0.1,0.16117647058823528,1.0,1.0,0.5983257220632636,0.7809690122827788
reverse,0.9,0.1,0.16365546218487395,1.0,1.0,0.5983257220632636,0.7809690122827788
reverse,0.9,0.1,0.16613445378151262,1.0,1.0,0.5983257220632636,0.7809690122827788
reverse,0.9,0.1,0.16861344537815126,1.0,1.0,0.5983257220632636,0.7809690122827788
reverse,0.9,0.1,0.17109243697478993,1.0,1.0,0.5983257220632636,0.7809690122827788
reverse,0.9,0.1,0.17357142857142857,1.0,1.0,0.5983257220632636,0.7809690122827788
reverse,0.9,0.1,0.17605042016806724,1.0,1.0,0.5983257220632636,0.7809690122827788
reverse,0.9,0.1,0.17852941176470588,1.0,1.0,0.5983257220632636,0.7809690122827788
reverse,0.9,0.1,0.18100840336134455,1.0,1.0,0.5983257220632636,0.7809690122827788
reverse,0.9,0.1,0.1834873949579832,1.0,1.0,0.5983257220632636,0.7809690122827788
reverse,0.9,0.1,0.18596638655462186,1.0,1.0,0.5983257220632636,0.7809690122827788
reverse,0.9,0.1,0.1884453781512605,1.0,1.0,0.5983257220632636,0.7809690122827788
reverse,0.9,0.1,0.19092436974789917,1.0,1.0,0.5983257220632636,0.7809690122827788
reverse,0.9,0.1,0.1934033613445378,0.0,1.0,0.0,0.6677242267793448
reverse,0.9,0.1,0.19588235294117648,0.0,1.0,0.0,0.6677242267793448
reverse,0.9,0.1,0.19836134453781512,0.0,1.0,0.0,0.6677242267793448
reverse,0.9,0.1,0.2008403361344538,0.0,1.0,0.0,0.6677242267793448
reverse,0.9,0.1,0.20331932773109243,0.0,1.0,0.0,0.6677242267793448
reverse,0.9,0.1,0.2057983193277311,0.0,1.0,0.0,0.6677242267793448
reverse,0.9,0.1,0.20827731092436974,0.0,1.0,0.0,0.6677242267793448
reverse,0.9,0.1,0.2107563025210084,0.0,1.0,0.0,0.6677242267793448
reverse,0.9,0.1,0.21323529411764705,0.0,1.0,0.0,0.6677242267793448
reverse,0.9,0.1,0.21571428571428572,0.0,1.0,0.0,0.6677242267793448
reverse,0.9,0.1,0.21819327731092436,0.0,1.0,0.0,0.6677242267793448
reverse,0.9,0.1,0.22067226890756303,0.0,1.0,0.0,0.6677242267793448
reverse,0.9,0.1,0.22315126050420167,0.0,1.0,0.0,0.6677242267793448
reverse,0.9,0.1,0.22563025210084034,0.0,1.0,0.0,0.6677242267793448
reverse,0.9,0.1,0.22810924369747898,0.0,1.0,0.0,0.6677242267793448
reverse,0.9,0.1,0.23058823529411765,0.0,1.0,0.0,0.6677242267793448
reverse,0.9,0.1,0.2330672268907563,0.0,1.0,0.0,0.6677242267793448
reverse,0.9,0.1,0.23554621848739496,0.0,1.0,0.0,0.6677242267793448
reverse,0.9,0.1,0.2380252100840336,0.0,1.0,0.0,0.6677242267793448
reverse,0.9,0.1,0.24050420168067227,0.0,1.0,0.0,0.6677242267793448
reverse,0.9,0.1,0.24298319327731094,0.0,1.0,0.0,0.6677242267793448
reverse,0.9,0.1,0.24546218487394958,0.0,1.0,0.0,0.6677242267793448
reverse,0.9,0.1,0.24794117647058825,0.0,1.0,0.0,0.6677242267793448
reverse,0.9,0.1,0.2504201680672269,0.0,1.0,0.0,0.6677242267793448
reverse,0.9,0.1,0.25289915966386556,0.0,1.0,0.0,0.6677242267793448
reverse,0.9,0.1,0.2553781512605042,0.0,1.0,0.0,0.6677242267793448
reverse,0.9,0.1,0.25785714285714284,0.0,1.0,0.0,0.6677242267793448
reverse,0.9,0.1,0.2603361344537815,0.0,1.0,0.0,0.6677242267793448
reverse,0.9,0.1,0.2628151260504202,0.0,1.0,0.0,0.6677242267793448
reverse,0.9,0.1,0.26529411764705885,0.0,1.0,0.0,0.6677242267793448
reverse,0.9,0.1,0.26777310924369746,0.0,1.0,0.0,0.6677242267793448
reverse,0.9,0.1,0.27025210084033613,0.0,1.0,0.0,0.6677242267793448
reverse,0.9,0.1,0.2727310924369748,0.0,1.0,0.0,0.6677242267793448
reverse,0.9,0.1,0.27521008403361347,0.0,1.0,0.0,0.6677242267793448
reverse,0.9,0.1,0.2776890756302521,0.0,1.0,0.0,0.6677242267793448
reverse,0.9,0.1,0.28016806722689075,0.0,1.0,0.0,0.6677242267793448
reverse,0.9,0.1,0.2826470588235294,0.0,1.0,0.0,0.6677242267793448
reverse,0.9,0.1,0.2851260504201681,0.0,1.0,0.0,0.6677242267793448
reverse,0.9,0.1,0.2876050420168067,0.0,1.0,0.0,0.6677242267793448
reverse,0.9,0.1,0.29008403361344537,0.0,1.0,0.0,0.6677242267793448
reverse,0.9,0.1,0.29256302521008404,0.0,1.0,0.0,0.6677242267793448
reverse,0.9,0.1,0.2950420168067227,0.0,1.0,0.0,0.6677242267793448
reverse,0.9,0.1,0.2975210084033613,0.0,1.0,0.0,0.6677242267793448
reverse,0.9,0.1,0.3,0.0,1.0,0.0,0.6677242267793448
