policy_a,policy_b,n_paired_seeds,mean_difference_pp,sd_difference_pp,ci_low_pp,ci_high_pp,fraction_a_gt_b,priority
oracle,normal_screening,10,0.525000000000001,1.0814085465005547,-0.24859307191486946,1.2985930719148715,0.7,True
pooling_verified,pooling_unverified,10,0.02499999999999947,0.3322900339562813,-0.212705970575853,0.26270597057585193,0.5,True
reverse_screening,normal_screening,10,-0.7750000000000024,0.6503204338375562,-1.2402112134395369,-0.30978878656046777,0.1,True
reverse_screening,oracle,10,-1.3000000000000034,0.779957263786506,-1.8579478150116637,-0.7420521849883429,0.0,True
reverse_screening,pooling_unverified,10,-0.03750000000000364,0.30646959247388816,-0.2567351394462148,0.1817351394462075,0.4,False
reverse_screening,pooling_verified,10,-0.06250000000000311,0.27163343355011366,-0.2568148525826005,0.13181485258259432,0.3,False
pooling_verified,normal_screening,10,-0.7124999999999992,0.7072295321259661,-1.218421529912711,-0.20657847008728739,0.2,False
pooling_unverified,normal_screening,10,-0.7374999999999987,0.6108111637632185,-1.1744479842419957,-0.3005520157580018,0.0,False
pooling_verified,oracle,10,-1.2375000000000003,0.8847669184593204,-1.870424125294259,-0.6045758747057415,0.1,False
pooling_unverified,oracle,10,-1.2624999999999997,0.8487122598383974,-1.8696321762573667,-0.655367823742633,0.0,False
