policy,n_users,participation_rate,high_participation_rate,low_participation_rate,submissions,accepted,accepted_high_share,accepted_helpful_share,accepted_harmful_share,verified_fraction,harmful_detected,helpful_false_positive,quality_value,reward_payments,penalty_recoveries,verification_costs,enforcement_costs,platform_payoff,scenario_phi_H,scenario_phi_L,rho,penalty,repetition
oracle,20000,1.0,1.0,1.0,20000,20000,0.4969,1.0,0.0,0.0,0,0,8000.0,4020.0000000000005,0.0,0.0,0.0,3979.9999999999995,0.3,0.8,0.0,0.0,0
oracle,20000,1.0,1.0,1.0,20000,20000,0.4961,1.0,0.0,0.0,0,0,8000.0,4020.0000000000005,0.0,0.0,0.0,3979.9999999999995,0.3,0.8,0.0,0.0,1
oracle,20000,1.0,1.0,1.0,20000,20000,0.497,1.0,0.0,0.0,0,0,8000.0,4020.0000000000005,0.0,0.0,0.0,3979.9999999999995,0.3,0.8,0.0,0.0,2
oracle,20000,1.0,1.0,1.0,20000,20000,0.4977,1.0,0.0,0.0,0,0,8000.0,4020.0000000000005,0.0,0.0,0.0,3979.9999999999995,0.3,0.8,0.0,0.0,3
oracle,20000,1.0,1.0,1.0,20000,20000,0.4951,1.0,0.0,0.0,0,0,8000.0,4020.0000000000005,0.0,0.0,0.0,3979.9999999999995,0.3,0.8,0.0,0.0,4
oracle,20000,1.0,1.0,1.0,20000,20000,0.49815,1.0,0.0,0.0,0,0,8000.0,4020.0000000000005,0.0,0.0,0.0,3979.9999999999995,0.3,0.8,0.0,0.0,5
oracle,20000,1.0,1.0,1.0,20000,20000,0.49385,1.0,0.0,0.0,0,0,8000.0,4020.0000000000005,0.0,0.0,0.0,3979.9999999999995,0.3,0.8,0.0,0.0,6
oracle,20000,1.0,1.0,1.0,20000,20000,0.50165,1.0,0.0,0.0,0,0,8000.0,4020.0000000000005,0.0,0.0,0.0,3979.9999999999995,0.3,0.8,0.0,0.0,7
oracle,20000,1.0,1.0,1.0,20000,20000,0.5024,1.0,0.0,0.0,0,0,8000.0,4020.0000000000005,0.0,0.0,0.0,3979.9999999999995,0.3,0.8,0.0,0.0,8
oracle,20000,1.0,1.0,1.0,20000,20000,0.50095,1.0,0.0,0.0,0,0,8000.0,4020.0000000000005,0.0,0.0,0.0,3979.9999999999995,0.3,0.8,0.0,0.0,9
oracle,20000,1.0,1.0,1.0,20000,20000,0.5013,1.0,0.0,0.0,0,0,8000.0,4020.0000000000005,0.0,0.0,0.0,3979.9999999999995,0.3,0.8,0.0,0.0,10
oracle,20000,1.0,1.0,1.0,20000,20000,0.49495,1.0,0.0,0.0,0,0,8000.0,4020.0000000000005,0.0,0.0,0.0,3979.9999999999995,0.3,0.8,0.0,0.0,11
oracle,20000,1.0,1.0,1.0,20000,20000,0.5001,1.0,0.0,0.0,0,0,8000.0,4020.0000000000005,0.0,0.0,0.0,3979.9999999999995,0.3,0.8,0.0,0.0,12
oracle,20000,1.0,1.0,1.0,20000,20000,0.49655,1.0,0.0,0.0,0,0,8000.0,4020.0000000000005,0.0,0.0,0.0,3979.9999999999995,0.3,0.8,0.0,0.0,13
oracle,20000,1.0,1.0,1.0,20000,20000,0.49475,1.0,0.0,0.0,0,0,8000.0,4020.0000000000005,0.0,0.0,0.0,3979.9999999999995,0.3,0.8,0.0,0.0,14
oracle,20000,1.0,1.0,1.0,20000,20000,0.4981,1.0,0.0,0.0,0,0,8000.0,4020.0000000000005,0.0,0.0,0.0,3979.9999999999995,0.3,0.8,0.0,0.0,15
oracle,20000,1.0,1.0,1.0,20000,20000,0.5035,1.0,0.0,0.0,0,0,8000.0,4020.0000000000005,0.0,0.0,0.0,3979.9999999999995,0.3,0.8,0.0,0.0,16
oracle,20000,1.0,1.0,1.0,20000,20000,0.49915,1.0,0.0,0.0,0,0,8000.0,4020.0000000000005,0.0,0.0,0.0,3979.9999999999995,0.3,0.8,0.0,0.0,17
oracle,20000,1.0,1.0,1.0,20000,20000,0.50085,1.0,0.0,0.0,0,0,8000.0,4020.0000000000005,0.0,0.0,0.0,3979.9999999999995,0.3,0.8,0.0,0.0,18
oracle,20000,1.0,1.0,1.0,20000,20000,0.49735,1.0,0.0,0.0,0,0,8000.0,4020.0000000000005,0.0,0.0,0.0,3979.9999999999995,0.3,0.8,0.0,0.0,19
normal_screening,20000,0.49455,1.0,0.0,9891,8642,1.0,0.6051839851886137,0.39481601481138623,0.29612779294307956,1071,178,6906.3,2242.438065,267.75,146.45000000000002,123.6375,4661.524435000001,0.3,0.8,0.3,0.25,0
normal_screening,20000,0.50405,1.0,0.0,10081,8807,1.0,0.5987282843192915,0.4012717156807085,0.2963991667493304,1103,171,7002.2,2285.513915,275.75,149.4,126.0125,4717.023585,0.3,0.8,0.3,0.25,1
normal_screening,20000,0.50215,1.0,0.0,10043,8745,1.0,0.5965694682675815,0.40343053173241855,0.30459026187394206,1127,171,7069.1,2276.898745,281.75,152.95000000000002,125.53750000000001,4795.463755,0.3,0.8,0.3,0.25,2
normal_screening,20000,0.49795,1.0,0.0,9959,8698,1.0,0.6062313175442631,0.39376868245573693,0.30434782608695654,1101,160,7137.7,2257.854685,275.25,151.55,124.48750000000001,4879.057815,0.3,0.8,0.3,0.25,3
normal_screening,20000,0.50615,1.0,0.0,10123,8775,1.0,0.6070655270655271,0.3929344729344729,0.3102835127926504,1175,173,7369.3,2295.035945,293.75,157.05,126.53750000000001,5084.426554999999,0.3,0.8,0.3,0.25,4
normal_screening,20000,0.5027,1.0,0.0,10054,8705,1.0,0.6034462952326249,0.39655370476737506,0.31072210065645517,1165,184,7152.0,2279.39261,291.25,156.20000000000002,125.67500000000001,4881.98239,0.3,0.8,0.3,0.25,5
normal_screening,20000,0.50795,1.0,0.0,10159,8863,1.0,0.6027304524427395,0.3972695475572605,0.30928240968599274,1129,167,7334.8,2303.197685,282.25,157.10000000000002,126.98750000000001,5029.7648149999995,0.3,0.8,0.3,0.25,6
normal_screening,20000,0.49705,1.0,0.0,9941,8631,1.0,0.6036380488935233,0.39636195110647665,0.3077155215773061,1149,161,7079.3,2253.773815,287.25,152.95000000000002,124.2625,4835.563685000001,0.3,0.8,0.3,0.25,7
normal_screening,20000,0.5013,1.0,0.0,10026,8718,1.0,0.6003670566643725,0.39963294333562743,0.30281268701376424,1140,168,7059.5,2273.04459,285.0,151.8,125.325,4794.3304100000005,0.3,0.8,0.3,0.25,8
normal_screening,20000,0.49565,1.0,0.0,9913,8719,1.0,0.6005275834384677,0.39947241656153226,0.29890043377383235,1063,131,7152.0,2247.425795,265.75,148.15,123.91250000000001,4898.261705,0.3,0.8,0.3,0.25,9
normal_screening,20000,0.49915,1.0,0.0,9983,8729,1.0,0.5985794478176194,0.4014205521823806,0.2928979264750075,1112,142,6831.1,2263.295845,278.0,146.20000000000002,124.78750000000001,4574.816655,0.3,0.8,0.3,0.25,10
normal_screening,20000,0.50155,1.0,0.0,10031,8740,1.0,0.5882151029748284,0.4117848970251716,0.2956833815172964,1114,177,6767.5,2274.178165,278.5,148.3,125.3875,4498.134335000001,0.3,0.8,0.3,0.25,11
normal_screening,20000,0.4957,1.0,0.0,9914,8616,1.0,0.6002785515320335,0.3997214484679666,0.30290498285253176,1137,161,6966.4,2247.65251,284.25,150.15,123.92500000000001,4728.92249,0.3,0.8,0.3,0.25,12
normal_screening,20000,0.50025,1.0,0.0,10005,8698,1.0,0.6050816279604507,0.3949183720395493,0.30634682658670664,1151,156,7156.0,2268.283575,287.75,153.25,125.0625,4897.1539250000005,0.3,0.8,0.3,0.25,13
normal_screening,20000,0.50145,1.0,0.0,10029,8706,1.0,0.5971743625086148,0.4028256374913852,0.3120949247183169,1146,177,7184.1,2273.724735,286.5,156.5,125.36250000000001,4915.012765,0.3,0.8,0.3,0.25,14
normal_screening,20000,0.495,1.0,0.0,9900,8599,1.0,0.6051866496104198,0.3948133503895802,0.3051515151515152,1137,164,6999.6,2244.4785,284.25,151.05,123.75,4764.5715,0.3,0.8,0.3,0.25,15
normal_screening,20000,0.5038,1.0,0.0,10076,8824,1.0,0.5998413417951043,0.4001586582048957,0.296744739976181,1099,153,7093.4,2284.38034,274.75,149.5,125.95,4808.31966,0.3,0.8,0.3,0.25,16
normal_screening,20000,0.49975,1.0,0.0,9995,8698,1.0,0.5970338008737641,0.40296619912623594,0.30335167583791894,1127,170,7083.7,2266.016425,281.75,151.6,124.9375,4822.896075,0.3,0.8,0.3,0.25,17
normal_screening,20000,0.50065,1.0,0.0,10013,8794,1.0,0.5930179667955424,0.4069820332044576,0.2930190752022371,1059,160,6911.6,2270.097295,264.75,146.70000000000002,125.16250000000001,4634.390205000001,0.3,0.8,0.3,0.25,18
normal_screening,20000,0.50075,1.0,0.0,10015,8819,1.0,0.6007483841705409,0.3992516158294591,0.2930604093859211,1048,148,7068.5,2270.550725,262.0,146.75,125.1875,4788.011775,0.3,0.8,0.3,0.25,19
reverse_screening,20000,0.4983,0.0,1.0,9966,8160,0.0,0.33321078431372547,0.6667892156862745,0.2997190447521573,1727,79,3314.6,2174.7556050000003,431.75,149.35,124.575,1297.6693949999997,0.9,0.1,0.3,0.25,0
reverse_screening,20000,0.5033,0.0,1.0,10066,8273,0.0,0.3355493774930497,0.6644506225069503,0.30200675541426586,1708,85,3415.4,2196.577355,427.0,152.0,125.825,1367.9976450000001,0.9,0.1,0.3,0.25,1
reverse_screening,20000,0.50525,0.0,1.0,10105,8247,0.0,0.33381835819085726,0.6661816418091427,0.3038099950519545,1779,79,3476.5,2205.0878375,444.75,153.5,126.3125,1436.3496624999998,0.9,0.1,0.3,0.25,2
reverse_screening,20000,0.4963,0.0,1.0,9926,8112,0.0,0.33863412228796846,0.6613658777120316,0.3024380415071529,1734,80,3334.1,2166.026905,433.5,150.1,124.075,1327.3980949999998,0.9,0.1,0.3,0.25,3
reverse_screening,20000,0.5054,0.0,1.0,10108,8247,0.0,0.33503092033466714,0.6649690796653328,0.30421448357736447,1766,95,3527.2,2205.74249,441.5,153.75,126.35000000000001,1482.8575099999998,0.9,0.1,0.3,0.25,4
reverse_screening,20000,0.497,0.0,1.0,9940,8152,0.0,0.3269136408243376,0.6730863591756624,0.29285714285714287,1717,71,3121.6,2169.0819500000002,429.25,145.55,124.25,1111.9680499999997,0.9,0.1,0.3,0.25,5
reverse_screening,20000,0.4949,0.0,1.0,9898,8043,0.0,0.33507397737162753,0.6649260226283725,0.3072337846029501,1776,79,3227.3,2159.916815,444.0,152.05,123.72500000000001,1235.6081850000003,0.9,0.1,0.3,0.25,6
reverse_screening,20000,0.50275,0.0,1.0,10055,8269,0.0,0.3503446607812311,0.649655339218769,0.2972650422675286,1707,79,3566.4,2194.1769625,426.75,149.45000000000002,125.6875,1523.8355374999999,0.9,0.1,0.3,0.25,7
reverse_screening,20000,0.50065,0.0,1.0,10013,8266,0.0,0.3420033873699492,0.6579966126300508,0.29421751722760414,1672,75,3433.3,2185.0118275,418.0,147.3,125.16250000000001,1393.8256725000003,0.9,0.1,0.3,0.25,8
reverse_screening,20000,0.50035,0.0,1.0,10007,8193,0.0,0.3407787135359453,0.6592212864640546,0.30208853802338365,1725,89,3420.6,2183.7025225,431.25,151.15,125.0875,1391.9099774999995,0.9,0.1,0.3,0.25,9
reverse_screening,20000,0.4961,0.0,1.0,9922,8181,0.0,0.34127857230167463,0.6587214276983254,0.29721830276154,1673,68,3439.2,2165.154035,418.25,147.45000000000002,124.025,1420.8209649999997,0.9,0.1,0.3,0.25,10
reverse_screening,20000,0.4978,0.0,1.0,9956,8119,0.0,0.33932750338711665,0.6606724966128834,0.31167135395741263,1761,76,3576.2,2172.57343,440.25,155.15,124.45,1564.2765699999998,0.9,0.1,0.3,0.25,11
reverse_screening,20000,0.5041,0.0,1.0,10082,8309,0.0,0.34516789023949934,0.6548321097605007,0.2967665145804404,1694,79,3448.0,2200.068835,423.5,149.6,126.025,1395.806165,0.9,0.1,0.3,0.25,12
reverse_screening,20000,0.4947,0.0,1.0,9894,8076,0.0,0.3314759782070332,0.6685240217929668,0.29987871437234687,1737,81,3218.3,2159.043945,434.25,148.35,123.67500000000001,1221.4810550000004,0.9,0.1,0.3,0.25,13
reverse_screening,20000,0.5044,0.0,1.0,10088,8310,0.0,0.33008423586040914,0.6699157641395909,0.29321966693100715,1685,93,3273.0,2201.3781400000003,421.25,147.9,126.10000000000001,1218.8718599999997,0.9,0.1,0.3,0.25,14
reverse_screening,20000,0.50125,0.0,1.0,10025,8221,0.0,0.33913149251915825,0.6608685074808417,0.2956608478802992,1728,76,3249.9,2187.6304375,432.0,148.20000000000002,125.3125,1220.7570625,0.9,0.1,0.3,0.25,15
reverse_screening,20000,0.49785,0.0,1.0,9957,8168,0.0,0.33557786483839375,0.6644221351616063,0.30320377623782263,1716,73,3417.2,2172.7916475,429.0,150.95000000000002,124.4625,1397.9958524999995,0.9,0.1,0.3,0.25,16
reverse_screening,20000,0.5046,0.0,1.0,10092,8316,0.0,0.3323713323713324,0.6676286676286677,0.29310344827586204,1693,83,3342.6,2202.25101,423.25,147.9,126.15,1289.5489899999998,0.9,0.1,0.3,0.25,17
reverse_screening,20000,0.50415,0.0,1.0,10083,8266,0.0,0.3382530849262037,0.6617469150737962,0.3029852226519885,1732,85,3498.7,2200.2870525000003,433.0,152.75,126.03750000000001,1452.6254474999996,0.9,0.1,0.3,0.25,18
reverse_screening,20000,0.50515,0.0,1.0,10103,8344,0.0,0.3281399808245446,0.6718600191754555,0.28852815995248937,1680,79,3180.7,2204.6514025,420.0,145.75,126.28750000000001,1124.0110974999998,0.9,0.1,0.3,0.25,19
pooling_verified,20000,1.0,1.0,1.0,20000,16938,0.5161766442319046,0.477506199078994,0.5224938009210061,0.29985,2808,254,10483.7,4881.6,702.0,299.85,250.0,5754.25,0.3,0.8,0.3,0.25,0
pooling_verified,20000,1.0,1.0,1.0,20000,16952,0.5119749882019821,0.4705639452571968,0.5294360547428032,0.29525,2818,230,10125.0,4881.6,704.5,295.25,250.0,5402.65,0.3,0.8,0.3,0.25,1
pooling_verified,20000,1.0,1.0,1.0,20000,16921,0.5146858932687194,0.47479463388688614,0.5252053661131139,0.3004,2840,239,10223.3,4881.6,710.0,300.40000000000003,250.0,5501.299999999999,0.3,0.8,0.3,0.25,2
pooling_verified,20000,1.0,1.0,1.0,20000,16900,0.5212426035502958,0.4773372781065089,0.5226627218934912,0.3012,2865,235,10423.4,4881.6,716.25,301.2,250.0,5706.849999999999,0.3,0.8,0.3,0.25,3
pooling_verified,20000,1.0,1.0,1.0,20000,16896,0.5115411931818182,0.474609375,0.525390625,0.304,2857,247,10429.5,4881.6,714.25,304.0,250.0,5708.15,0.3,0.8,0.3,0.25,4
pooling_verified,20000,1.0,1.0,1.0,20000,16973,0.5142284805278973,0.4679196370706416,0.5320803629293583,0.29705,2784,243,10296.6,4881.6,696.0,297.05,250.0,5563.95,0.3,0.8,0.3,0.25,5
pooling_verified,20000,1.0,1.0,1.0,20000,16912,0.5199858088930936,0.46990302743614004,0.53009697256386,0.29915,2842,246,10138.8,4881.6,710.5,299.15000000000003,250.0,5418.549999999999,0.3,0.8,0.3,0.25,6
pooling_verified,20000,1.0,1.0,1.0,20000,16909,0.5199597847300255,0.474835886214442,0.5251641137855579,0.3026,2842,249,10375.7,4881.6,710.5,302.6,250.0,5652.0,0.3,0.8,0.3,0.25,7
pooling_verified,20000,1.0,1.0,1.0,20000,16903,0.5102644500976158,0.4719280601076732,0.5280719398923268,0.3034,2850,247,10557.8,4881.6,712.5,303.40000000000003,250.0,5835.299999999999,0.3,0.8,0.3,0.25,8
pooling_verified,20000,1.0,1.0,1.0,20000,16978,0.5154317351867123,0.4686064318529862,0.5313935681470138,0.2989,2787,235,10391.3,4881.6,696.75,298.90000000000003,250.0,5657.549999999999,0.3,0.8,0.3,0.25,9
pooling_verified,20000,1.0,1.0,1.0,20000,16930,0.516066154754873,0.4734199645599527,0.5265800354400473,0.2972,2830,240,10354.4,4881.6,707.5,297.2,250.0,5633.099999999999,0.3,0.8,0.3,0.25,10
pooling_verified,20000,1.0,1.0,1.0,20000,16894,0.5221380371729608,0.4743104060613235,0.5256895939386764,0.29955,2888,218,10330.1,4881.6,722.0,299.55,250.0,5620.95,0.3,0.8,0.3,0.25,11
pooling_verified,20000,1.0,1.0,1.0,20000,16921,0.5168134271024171,0.4667572838484723,0.5332427161515277,0.29905,2801,278,10327.6,4881.6,700.25,299.05,250.0,5597.2,0.3,0.8,0.3,0.25,12
pooling_verified,20000,1.0,1.0,1.0,20000,16948,0.5194713240500354,0.4786995515695067,0.5213004484304933,0.3025,2834,218,10648.5,4881.6,708.5,302.5,250.0,5922.9,0.3,0.8,0.3,0.25,13
pooling_verified,20000,1.0,1.0,1.0,20000,16938,0.5132247018538199,0.4714251977801393,0.5285748022198606,0.3018,2803,259,10513.1,4881.6,700.75,301.8,250.0,5780.45,0.3,0.8,0.3,0.25,14
pooling_verified,20000,1.0,1.0,1.0,20000,16885,0.5146579804560261,0.4668640805448623,0.5331359194551377,0.30155,2888,227,10367.1,4881.6,722.0,301.55,250.0,5655.95,0.3,0.8,0.3,0.25,15
pooling_verified,20000,1.0,1.0,1.0,20000,17013,0.5085522835478752,0.4678775054370187,0.5321224945629812,0.2968,2727,260,10445.1,4881.6,681.75,296.8,250.0,5698.45,0.3,0.8,0.3,0.25,16
pooling_verified,20000,1.0,1.0,1.0,20000,16869,0.5141383603058866,0.4746576560554864,0.5253423439445136,0.3045,2890,241,10515.5,4881.6,722.5,304.5,250.0,5801.9,0.3,0.8,0.3,0.25,17
pooling_verified,20000,1.0,1.0,1.0,20000,16926,0.5098664776084131,0.4618338650596715,0.5381661349403285,0.30325,2864,210,10484.5,4881.6,716.0,303.25,250.0,5765.65,0.3,0.8,0.3,0.25,18
pooling_verified,20000,1.0,1.0,1.0,20000,16946,0.5110940634958102,0.4680750619615248,0.5319249380384752,0.30175,2810,244,10409.5,4881.6,702.5,301.75,250.0,5678.65,0.3,0.8,0.3,0.25,19
pooling_unverified,20000,1.0,1.0,1.0,20000,20000,0.4982,0.41205,0.58795,0.0,0,0,2120.5,4020.0000000000005,0.0,0.0,0.0,-1899.5000000000005,0.3,0.8,0.0,0.0,0
pooling_unverified,20000,1.0,1.0,1.0,20000,20000,0.49625,0.40755,0.59245,0.0,0,0,2075.5,4020.0000000000005,0.0,0.0,0.0,-1944.5000000000005,0.3,0.8,0.0,0.0,1
pooling_unverified,20000,1.0,1.0,1.0,20000,20000,0.4955,0.4124,0.5876,0.0,0,0,2124.0,4020.0000000000005,0.0,0.0,0.0,-1896.0000000000005,0.3,0.8,0.0,0.0,2
pooling_unverified,20000,1.0,1.0,1.0,20000,20000,0.49555,0.4202,0.5798,0.0,0,0,2202.0,4020.0000000000005,0.0,0.0,0.0,-1818.0000000000005,0.3,0.8,0.0,0.0,3
pooling_unverified,20000,1.0,1.0,1.0,20000,20000,0.5063,0.4084,0.5916,0.0,0,0,2084.0,4020.0000000000005,0.0,0.0,0.0,-1936.0000000000005,0.3,0.8,0.0,0.0,4
pooling_unverified,20000,1.0,1.0,1.0,20000,20000,0.49865,0.41075,0.58925,0.0,0,0,2107.5,4020.0000000000005,0.0,0.0,0.0,-1912.5000000000005,0.3,0.8,0.0,0.0,5
pooling_unverified,20000,1.0,1.0,1.0,20000,20000,0.501,0.41285,0.58715,0.0,0,0,2128.5,4020.0000000000005,0.0,0.0,0.0,-1891.5000000000005,0.3,0.8,0.0,0.0,6
pooling_unverified,20000,1.0,1.0,1.0,20000,20000,0.49785,0.41175,0.58825,0.0,0,0,2117.5,4020.0000000000005,0.0,0.0,0.0,-1902.5000000000005,0.3,0.8,0.0,0.0,7
pooling_unverified,20000,1.0,1.0,1.0,20000,20000,0.4986,0.4098,0.5902,0.0,0,0,2098.0,4020.0000000000005,0.0,0.0,0.0,-1922.0000000000005,0.3,0.8,0.0,0.0,8
pooling_unverified,20000,1.0,1.0,1.0,20000,20000,0.4956,0.4151,0.5849,0.0,0,0,2151.0,4020.0000000000005,0.0,0.0,0.0,-1869.0000000000005,0.3,0.8,0.0,0.0,9
pooling_unverified,20000,1.0,1.0,1.0,20000,20000,0.4969,0.40875,0.59125,0.0,0,0,2087.5,4020.0000000000005,0.0,0.0,0.0,-1932.5000000000005,0.3,0.8,0.0,0.0,10
pooling_unverified,20000,1.0,1.0,1.0,20000,20000,0.5038,0.4091,0.5909,0.0,0,0,2091.0,4020.0000000000005,0.0,0.0,0.0,-1929.0000000000005,0.3,0.8,0.0,0.0,11
pooling_unverified,20000,1.0,1.0,1.0,20000,20000,0.4898,0.4086,0.5914,0.0,0,0,2086.0,4020.0000000000005,0.0,0.0,0.0,-1934.0000000000005,0.3,0.8,0.0,0.0,12
pooling_unverified,20000,1.0,1.0,1.0,20000,20000,0.4998,0.4071,0.5929,0.0,0,0,2071.0,4020.0000000000005,0.0,0.0,0.0,-1949.0000000000005,0.3,0.8,0.0,0.0,13
pooling_unverified,20000,1.0,1.0,1.0,20000,20000,0.49855,0.41335,0.58665,0.0,0,0,2133.5,4020.0000000000005,0.0,0.0,0.0,-1886.5000000000005,0.3,0.8,0.0,0.0,14
pooling_unverified,20000,1.0,1.0,1.0,20000,20000,0.50135,0.4131,0.5869,0.0,0,0,2131.0,4020.0000000000005,0.0,0.0,0.0,-1889.0000000000005,0.3,0.8,0.0,0.0,15
pooling_unverified,20000,1.0,1.0,1.0,20000,20000,0.49855,0.4108,0.5892,0.0,0,0,2108.0,4020.0000000000005,0.0,0.0,0.0,-1912.0000000000005,0.3,0.8,0.0,0.0,16
pooling_unverified,20000,1.0,1.0,1.0,20000,20000,0.50295,0.41035,0.58965,0.0,0,0,2103.5,4020.0000000000005,0.0,0.0,0.0,-1916.5000000000005,0.3,0.8,0.0,0.0,17
pooling_unverified,20000,1.0,1.0,1.0,20000,20000,0.50335,0.4103,0.5897,0.0,0,0,2103.0,4020.0000000000005,0.0,0.0,0.0,-1917.0000000000005,0.3,0.8,0.0,0.0,18
pooling_unverified,20000,1.0,1.0,1.0,20000,20000,0.5013,0.4081,0.5919,0.0,0,0,2081.0,4020.0000000000005,0.0,0.0,0.0,-1939.0000000000005,0.3,0.8,0.0,0.0,19
