repetition,eta_H,eta_L,eta_diff,critical_ratio
0,0.5520943595947376,0.2836151517389057,0.2684792078558319,1.5994101963371425
1,0.5343683839096683,0.2812546454585997,0.25311373845106866,1.543592251265784
2,0.5371655104063429,0.28687991912773486,0.250285591278608,1.5407669413278702
3,0.5483447188649501,0.2883750295951385,0.25996968926981157,1.5755931572780122
4,0.5381954887218046,0.28241303819022134,0.2557824505315832,1.5538760325740895
5,0.5381934359570142,0.29215880515126114,0.24603463080575305,1.5327655558894389
6,0.5356484326982176,0.26974376974376973,0.26590466295444787,1.572636514396938
7,0.5337872559095581,0.28199364390357334,0.25179361200598477,1.5400830740850333
8,0.5457413249211357,0.28280254777070063,0.26293877715043507,1.5788305024769995
9,0.5445322989706102,0.2882802340702211,0.2562520649003891,1.5626130334187056
10,0.5611341881885498,0.2888117953165655,0.2723223928719843,1.6205140285317603
11,0.5326909841706814,0.28251544269045986,0.25017554148022153,1.5353535519451573
12,0.5343419062027231,0.28560444254592054,0.2487374636568026,1.534163299146025
13,0.5439210693825589,0.2986923606331727,0.24522870874938618,1.5376891855482007
14,0.5332315641146078,0.2727572016460905,0.2604743624685173,1.5580376530268913
15,0.5493985673739694,0.27487839063401764,0.27452017673995177,1.6092305901916326
16,0.5334625680790178,0.30202403542061984,0.23143853265839798,1.4960770922612634
17,0.5409397409825538,0.2776175887547306,0.26332215222782324,1.5736113005979373
18,0.526084142394822,0.2795449901232886,0.24653915227153345,1.5202171404800864
19,0.5459575227556666,0.28018924601982576,0.2657682767358408,1.585337914524731
20,0.544932079414838,0.28730971688718165,0.25762236252765636,1.5661184866566409
21,0.5231210683147556,0.28676839315137187,0.2363526751633837,1.495624066108637
22,0.5467399842890809,0.29499182642294547,0.2517481578661354,1.5554166463840389
23,0.5554938185859147,0.2853592046183451,0.27013461396756966,1.607718464360167
24,0.5421412300683371,0.28815016478005445,0.2539910652882827,1.5547367047838614
25,0.5310364067512903,0.2881448104412679,0.24289159631002238,1.5179327346658391
26,0.5451521702976884,0.28428709140303215,0.2608650788946562,1.5735216524290923
27,0.5644444444444444,0.28436432361706765,0.28008012082737677,1.6430410937363242
28,0.5369880080984271,0.26723991145922016,0.2697480966392069,1.582594190555112
29,0.5384998340524394,0.2754431222434884,0.263056711808951,1.5700035042649187
30,0.5260107230836111,0.29988481604444744,0.22612590703916363,1.477069668137349
31,0.5358211582467876,0.28416890480453594,0.2516522534422516,1.5421450329182524
32,0.5294637921503593,0.2877548090726385,0.24170898307772082,1.5136883815643762
33,0.5505706414797323,0.27438760495109493,0.2761830365286374,1.614519348353124
34,0.5380116959064327,0.27390354562258445,0.26410815028384826,1.5716771354245322
35,0.5309414880809054,0.28910650836294305,0.2418349797179623,1.5155752930024113
36,0.55169356268842,0.27678639810063566,0.2749071645877843,1.6132126191101723
37,0.5444521019986216,0.289399374189117,0.2550527278095046,1.559881252725554
38,0.5564916828688702,0.2842097456055774,0.2722819372632928,1.613927465948262
39,0.5305279463017942,0.26583511985967645,0.2646928264421178,1.5638095481020309
40,0.5474013474494707,0.2796167925850923,0.26778455486437835,1.5916600797535123
41,0.5380802163136548,0.2666167540138092,0.2714634622998456,1.5876852905788852
42,0.5472301136363636,0.26548442906574393,0.2817456845706197,1.6222712531379335
43,0.5471327572663001,0.2877415216868436,0.2593912355794565,1.5727754430054608
44,0.5304927851892186,0.2842303349642454,0.24626245022497323,1.5245126005661505
45,0.5337631887456038,0.2879356568364611,0.2458275319091427,1.527258950763135
46,0.5400901516186314,0.28583055261658663,0.25425959900204476,1.5528466065619155
47,0.5307727903748265,0.27987175477009696,0.25090103560472954,1.5347111814021899
48,0.5320308950477056,0.2884169324441867,0.24361396260351892,1.5205770210585874
49,0.5331282051282051,0.30034680216146464,0.2327814029667405,1.498598128059253
50,0.5299719887955182,0.2949861823924201,0.23498580640309813,1.4999400052795355
51,0.5586516853932584,0.285953050216516,0.27269863517674237,1.6178762355073848
52,0.5292202227934876,0.28510402658017564,0.24411619621331193,1.5185358590843374
53,0.5388398914518318,0.2775268905493062,0.26131300090252557,1.5666426823542812
54,0.5407934625016475,0.28983670121542016,0.25095676128622735,1.546500846119003
55,0.5638474295190713,0.2781326393817522,0.2857147901373191,1.6550799180714957
56,0.5323120267652756,0.28719936569465243,0.24511266107062313,1.5240944285467126
57,0.5238957277335264,0.28029469049030403,0.2436010372432224,1.5116548021793006
58,0.5318751373928335,0.28703923900118905,0.2448358983916445,1.523014088651604
59,0.5585197934595525,0.28206084103787654,0.27645895242167595,1.6262091670837961
60,0.5402938239908714,0.28345010543500443,0.256843718555867,1.5587127864707364
61,0.5436433997420095,0.27334887334887337,0.2702945263931361,1.5922879744487786
62,0.5454400255550231,0.28999646518204314,0.25544356037298,1.5619578817622022
63,0.536628540305011,0.28015360446849363,0.2564749358365173,1.5534974812763396
64,0.5155672193725397,0.28410303307422646,0.23146418629831322,1.4778045490615022
65,0.5347521809989455,0.27280413339596055,0.26194804760298496,1.5630290716148232
66,0.5496194379391101,0.27074781367124756,0.2788716242678625,1.6191910747474931
67,0.5431571453995373,0.2776193870277976,0.2655377583717397,1.5812452918935742
68,0.5609756097560976,0.27840430903888236,0.28257130071721526,1.6436346294114348
69,0.5291044776119403,0.27865947611710323,0.2504450014948371,1.5318483391490993
70,0.5291946308724832,0.279874213836478,0.24932041703600522,1.5295615415305028
71,0.54482594182165,0.284544603867748,0.260281337953902,1.5718281463481747
72,0.5401599236185702,0.2697944812904282,0.270365442328142,1.5879553701706466
73,0.5451505016722408,0.28048048048048047,0.2646700211917603,1.581884826002473
74,0.5230327745053617,0.2791908501194947,0.243841924385867,1.511234129625974
75,0.5417051400430902,0.27401512136888184,0.2676900186742084,1.5840999803038973
76,0.5426829268292683,0.2681070678796361,0.2745758589496322,1.6004058782365291
77,0.53008658008658,0.2719986060289249,0.25808797405765516,1.549224523328589
78,0.5340532757379409,0.28212835093419986,0.25192492480374107,1.5406732394196483
79,0.545858193423061,0.2727193744569939,0.27313881896606707,1.6014394953524123
80,0.544708347886832,0.2961823111306514,0.24852603675618057,1.5458611762431491
81,0.5486482358332061,0.285119748723989,0.2635284871092171,1.5838649763465464
82,0.5401476695892939,0.2822504098714298,0.25789725971786415,1.5608262536965496
83,0.5243243243243243,0.2920945280630187,0.23222979626130558,1.4882103671402447
84,0.5389249304911955,0.27470872632162957,0.2642162041695659,1.5730437875356011
85,0.5554502369668246,0.2837465564738292,0.2717036804929954,1.6111884497230493
86,0.5368352223190933,0.2788415509813308,0.2579936713377625,1.5570235125165433
87,0.5426989619377163,0.2760973204011179,0.2666016415365984,1.582989364437628
88,0.5581058726220016,0.2969055728675991,0.2612002997544025,1.5910924892897944
89,0.5519785378940308,0.2909641512522508,0.26101438664178006,1.5825934887468476
90,0.5513654096228868,0.2923827032211654,0.25898270640172144,1.5772686991968803
91,0.5382692908466105,0.2853274078189015,0.252941883027709,1.547812562633083
92,0.5451345755693582,0.28667632150615496,0.2584582540632032,1.5682081780269783
93,0.551368094992256,0.29204916757429594,0.2593189274179601,1.5780215908038993
94,0.5429282455412692,0.27190358150269256,0.2710246640385766,1.5929586796706063
95,0.5420897477890599,0.27196130441566546,0.2701284433733945,1.5899156921451885
96,0.5313277539018322,0.26780459093584463,0.26352316296598755,1.5622760151894937
97,0.5404661016949153,0.3010368502171781,0.2394292514777372,1.5210263102696724
98,0.5273886801047717,0.27458023556929245,0.25280844453547924,1.5349183015580827
99,0.5318681318681319,0.28494367761383466,0.2469244542542972,1.5274677309188038
