schedule,screening_intensity,participation,selected_quality,selected_helpfulness,quality_change_vs_no_screening,mean_exposure
constant,0.0,1.0,0.3708749935243226,0.7033723998622179,0.0,0.5
constant,0.025,1.0,0.3708749935243226,0.7033723998622179,0.0,0.5
constant,0.05,1.0,0.3708749935243226,0.7033723998622179,0.0,0.5
constant,0.07500000000000001,1.0,0.3708749935243226,0.7033723998622179,0.0,0.5
constant,0.1,1.0,0.3708749935243226,0.7033723998622179,0.0,0.5
constant,0.125,1.0,0.3708749935243226,0.7033723998622179,0.0,0.5
constant,0.15000000000000002,1.0,0.3708749935243226,0.7033723998622179,0.0,0.5
constant,0.17500000000000002,1.0,0.3708749935243226,0.7033723998622179,0.0,0.5
constant,0.2,1.0,0.3708749935243226,0.7033723998622179,0.0,0.5
constant,0.225,1.0,0.3708749935243226,0.7033723998622179,0.0,0.5
constant,0.25,1.0,0.3708749935243226,0.7033723998622179,0.0,0.5
constant,0.275,1.0,0.3708749935243226,0.7033723998622179,0.0,0.5
constant,0.30000000000000004,1.0,0.3708749935243226,0.7033723998622179,0.0,0.5
constant,0.325,1.0,0.3708749935243226,0.7033723998622179,0.0,0.5
constant,0.35000000000000003,1.0,0.3708749935243226,0.7033723998622179,0.0,0.5
constant,0.375,1.0,0.3708749935243226,0.7033723998622179,0.0,0.5
constant,0.4,1.0,0.3708749935243226,0.7033723998622179,0.0,0.5
constant,0.42500000000000004,0.9538931772263379,0.3886384619562266,0.7366844986561201,0.01776346843190396,0.5
constant,0.45,0.9415634875407968,0.39257221458046765,0.7420245842040335,0.021697221056145022,0.5
constant,0.47500000000000003,0.8993938765994923,0.40481539081850126,0.7564256711805356,0.03394039729417864,0.5
constant,0.5,0.8537014971766047,0.4170762789004187,0.7690399739694185,0.04620128537609608,0.5
constant,0.525,0.8051080142982956,0.4293803487549064,0.7804532384289297,0.058505355230583755,0.5
constant,0.55,0.7633010412889188,0.43905253155965795,0.788516550276906,0.06817753803533533,0.5
constant,0.5750000000000001,0.7018598145366005,0.4523914968999114,0.798700496776393,0.0815165033755888,0.5
constant,0.6000000000000001,0.5919287157436668,0.4761946437948538,0.8151852023344694,0.1053196502705312,0.5
constant,0.625,0.5377920530487489,0.48897023408149504,0.8234979239864676,0.11809524055717241,0.5
constant,0.65,0.4675439050924727,0.5060387811634349,0.8339245641291576,0.1351637876391123,0.5
constant,0.675,0.410039890172512,0.5216677195198989,0.8430473113123624,0.15079272599557625,0.5
constant,0.7000000000000001,0.38190954773869346,0.5291644058600109,0.8471753378641455,0.15828941233568827,0.5
constant,0.7250000000000001,0.3410350722685593,0.5406349688591827,0.8532920746923461,0.1697599753348601,0.5
constant,0.75,0.30352794902346786,0.5512886158047449,0.8586928895584619,0.18041362228042224,0.5
constant,0.775,0.2915608972698544,0.5543710021321961,0.8601705377713086,0.18349600860787352,0.5
constant,0.8,0.20753250790032637,0.5776335496754867,0.8705632794207636,0.20675855615116412,0.5
constant,0.8250000000000001,0.1279593845516241,0.6230769230769231,0.8903943892339566,0.25220192955260046,0.5
constant,0.8500000000000001,0.12210537222193442,0.6279168434450573,0.8924280931070183,0.25704184992073464,0.5
constant,0.875,0.11314303476143604,0.63507326007326,0.8953300171813787,0.2641982665489374,0.5
constant,0.9,0.10542402735326115,0.6412776412776413,0.8977680031105799,0.2704026477533187,0.5
constant,0.925,0.09708335491892452,0.6483457844183564,0.9004842057679607,0.2774707908940338,0.5
constant,0.9500000000000001,0.07029995337512304,0.6772291820191599,0.9111788565567435,0.3063541884948373,0.5
constant,0.9750000000000001,0.0696782883489613,0.6780669144981413,0.911481469564725,0.30719192097381864,0.5
constant,1.0,0.061130394239237426,0.6898305084745763,0.9156178627926351,0.31895551495025365,0.5
constant,1.0250000000000001,0.04797181785214733,0.7138228941684666,0.9238801200285559,0.34294790064414393,0.5
constant,1.05,0.04797181785214733,0.7138228941684666,0.9238801200285559,0.34294790064414393,0.5
constant,1.075,0.03880225871626172,0.7356475300400535,0.9310813650477671,0.3647725365157308,0.5
constant,1.1,0.03880225871626172,0.7356475300400535,0.9310813650477671,0.3647725365157308,0.5
constant,1.125,0.037351706988551,0.739251040221914,0.9322161945978851,0.3683760466975914,0.5
constant,1.1500000000000001,0.03559032274775942,0.7438136826783115,0.9336387783726244,0.37293868915398887,0.5
constant,1.175,0.03559032274775942,0.7438136826783115,0.9336387783726244,0.37293868915398887,0.5
constant,1.2000000000000002,0.019427032067554265,0.808,0.9526422044199624,0.4371250064756774,0.5
constant,1.225,0.019427032067554265,0.808,0.9526422044199624,0.4371250064756774,0.5
constant,1.25,0.019427032067554265,0.808,0.9526422044199624,0.4371250064756774,0.5
constant,1.2750000000000001,0.019427032067554265,0.808,0.9526422044199624,0.4371250064756774,0.5
constant,1.3,0.017924674920996735,0.8179190751445087,0.9554622840912488,0.44704408162018605,0.5
constant,1.3250000000000002,0.017924674920996735,0.8179190751445087,0.9554622840912488,0.44704408162018605,0.5
constant,1.35,0.017406620732528622,0.8214285714285714,0.9564416869562833,0.45055357790424877,0.5
constant,1.375,0.015282598559809357,0.8372881355932204,0.9608081922272809,0.4664131420688977,0.5
constant,1.4000000000000001,0.015282598559809357,0.8372881355932204,0.9608081922272809,0.4664131420688977,0.5
constant,1.425,0.014194684764026317,0.8467153284671532,0.9633730997319369,0.4758403349428306,0.5
constant,1.4500000000000002,0.014194684764026317,0.8467153284671532,0.9633730997319369,0.4758403349428306,0.5
constant,1.475,0.014194684764026317,0.8467153284671532,0.9633730997319369,0.4758403349428306,0.5
constant,1.5,0.014194684764026317,0.8467153284671532,0.9633730997319369,0.4758403349428306,0.5
constant,1.5250000000000001,0.014194684764026317,0.8467153284671532,0.9633730997319369,0.4758403349428306,0.5
constant,1.55,0.014194684764026317,0.8467153284671532,0.9633730997319369,0.4758403349428306,0.5
constant,1.5750000000000002,0.014194684764026317,0.8467153284671532,0.9633730997319369,0.4758403349428306,0.5
constant,1.6,0.014194684764026317,0.8467153284671532,0.9633730997319369,0.4758403349428306,0.5
constant,1.625,0.010050251256281407,0.8865979381443299,0.973543583159806,0.5157229446200072,0.5
constant,1.6500000000000001,0.010050251256281407,0.8865979381443299,0.973543583159806,0.5157229446200072,0.5
constant,1.675,0.010050251256281407,0.8865979381443299,0.973543583159806,0.5157229446200072,0.5
constant,1.7000000000000002,0.010050251256281407,0.8865979381443299,0.973543583159806,0.5157229446200072,0.5
constant,1.725,0.010050251256281407,0.8865979381443299,0.973543583159806,0.5157229446200072,0.5
constant,1.75,0.00937678081127286,0.8950276243093923,0.9756296912726196,0.5241526307850697,0.5
constant,1.7750000000000001,0.00937678081127286,0.8950276243093923,0.9756296912726196,0.5241526307850697,0.5
constant,1.8,0.00937678081127286,0.8950276243093923,0.9756296912726196,0.5241526307850697,0.5
constant,1.8250000000000002,0.007978034502408951,0.9155844155844156,0.9806489380742882,0.544709422060093,0.5
constant,1.85,0.007978034502408951,0.9155844155844156,0.9806489380742882,0.544709422060093,0.5
constant,1.875,0.007978034502408951,0.9155844155844156,0.9806489380742882,0.544709422060093,0.5
constant,1.9000000000000001,0.007978034502408951,0.9155844155844156,0.9806489380742882,0.544709422060093,0.5
constant,1.925,0.007978034502408951,0.9155844155844156,0.9806489380742882,0.544709422060093,0.5
constant,1.9500000000000002,0.007978034502408951,0.9155844155844156,0.9806489380742882,0.544709422060093,0.5
constant,1.975,0.007978034502408951,0.9155844155844156,0.9806489380742882,0.544709422060093,0.5
constant,2.0,0.007978034502408951,0.9155844155844156,0.9806489380742882,0.544709422060093,0.5
constant,2.025,0.0059058177485364965,0.956140350877193,0.990239108164581,0.5852653573528703,0.5
constant,2.0500000000000003,0.0059058177485364965,0.956140350877193,0.990239108164581,0.5852653573528703,0.5
constant,2.075,0.0059058177485364965,0.956140350877193,0.990239108164581,0.5852653573528703,0.5
constant,2.1,0.0059058177485364965,0.956140350877193,0.990239108164581,0.5852653573528703,0.5
constant,2.125,0.0059058177485364965,0.956140350877193,0.990239108164581,0.5852653573528703,0.5
constant,2.15,0.0059058177485364965,0.956140350877193,0.990239108164581,0.5852653573528703,0.5
constant,2.1750000000000003,0.0059058177485364965,0.956140350877193,0.990239108164581,0.5852653573528703,0.5
constant,2.2,0.0059058177485364965,0.956140350877193,0.990239108164581,0.5852653573528703,0.5
constant,2.225,0.0059058177485364965,0.956140350877193,0.990239108164581,0.5852653573528703,0.5
constant,2.25,0.0059058177485364965,0.956140350877193,0.990239108164581,0.5852653573528703,0.5
constant,2.275,0.0059058177485364965,0.956140350877193,0.990239108164581,0.5852653573528703,0.5
constant,2.3000000000000003,0.0059058177485364965,0.956140350877193,0.990239108164581,0.5852653573528703,0.5
constant,2.325,0.0059058177485364965,0.956140350877193,0.990239108164581,0.5852653573528703,0.5
constant,2.35,0.0059058177485364965,0.956140350877193,0.990239108164581,0.5852653573528703,0.5
constant,2.375,0.0059058177485364965,0.956140350877193,0.990239108164581,0.5852653573528703,0.5
constant,2.4000000000000004,0.0059058177485364965,0.956140350877193,0.990239108164581,0.5852653573528703,0.5
constant,2.4250000000000003,0.00528415272237476,0.9705882352941176,0.9935258753249332,0.599713241769795,0.5
constant,2.45,0.00528415272237476,0.9705882352941176,0.9935258753249332,0.599713241769795,0.5
constant,2.475,0.00528415272237476,0.9705882352941176,0.9935258753249332,0.599713241769795,0.5
constant,2.5,0.00528415272237476,0.9705882352941176,0.9935258753249332,0.599713241769795,0.5
constant,2.5250000000000004,0.00528415272237476,0.9705882352941176,0.9935258753249332,0.599713241769795,0.5
constant,2.5500000000000003,0.00528415272237476,0.9705882352941176,0.9935258753249332,0.599713241769795,0.5
constant,2.575,0.00528415272237476,0.9705882352941176,0.9935258753249332,0.599713241769795,0.5
constant,2.6,0.00528415272237476,0.9705882352941176,0.9935258753249332,0.599713241769795,0.5
constant,2.625,0.00528415272237476,0.9705882352941176,0.9935258753249332,0.599713241769795,0.5
constant,2.6500000000000004,0.00528415272237476,0.9705882352941176,0.9935258753249332,0.599713241769795,0.5
constant,2.6750000000000003,0.00528415272237476,0.9705882352941176,0.9935258753249332,0.599713241769795,0.5
constant,2.7,0.00528415272237476,0.9705882352941176,0.9935258753249332,0.599713241769795,0.5
constant,2.725,0.00528415272237476,0.9705882352941176,0.9935258753249332,0.599713241769795,0.5
constant,2.75,0.00528415272237476,0.9705882352941176,0.9935258753249332,0.599713241769795,0.5
constant,2.7750000000000004,0.00528415272237476,0.9705882352941176,0.9935258753249332,0.599713241769795,0.5
constant,2.8000000000000003,0.004558876858519401,0.9886363636363636,0.9975253972388642,0.617761370112041,0.5
constant,2.825,0.004558876858519401,0.9886363636363636,0.9975253972388642,0.617761370112041,0.5
constant,2.85,0.004558876858519401,0.9886363636363636,0.9975253972388642,0.617761370112041,0.5
constant,2.875,0.004558876858519401,0.9886363636363636,0.9975253972388642,0.617761370112041,0.5
constant,2.9000000000000004,0.004558876858519401,0.9886363636363636,0.9975253972388642,0.617761370112041,0.5
constant,2.9250000000000003,0.004558876858519401,0.9886363636363636,0.9975253972388642,0.617761370112041,0.5
constant,2.95,0.004558876858519401,0.9886363636363636,0.9975253972388642,0.617761370112041,0.5
constant,2.975,0.004558876858519401,0.9886363636363636,0.9975253972388642,0.617761370112041,0.5
constant,3.0,0.004558876858519401,0.9886363636363636,0.9975253972388642,0.617761370112041,0.5
mild_increasing,0.0,1.0,0.3708749935243226,0.7033723998622179,0.0,0.6048903338296949
mild_increasing,0.025,1.0,0.3708749935243226,0.7033723998622179,0.0,0.6048903338296949
mild_increasing,0.05,1.0,0.3708749935243226,0.7033723998622179,0.0,0.6048903338296949
mild_increasing,0.07500000000000001,1.0,0.3708749935243226,0.7033723998622179,0.0,0.6048903338296949
mild_increasing,0.1,1.0,0.3708749935243226,0.7033723998622179,0.0,0.6048903338296949
mild_increasing,0.125,1.0,0.3708749935243226,0.7033723998622179,0.0,0.6048903338296949
mild_increasing,0.15000000000000002,1.0,0.3708749935243226,0.7033723998622179,0.0,0.6048903338296949
mild_increasing,0.17500000000000002,1.0,0.3708749935243226,0.7033723998622179,0.0,0.6048903338296949
mild_increasing,0.2,1.0,0.3708749935243226,0.7033723998622179,0.0,0.6048903338296949
mild_increasing,0.225,1.0,0.3708749935243226,0.7033723998622179,0.0,0.6048903338296949
mild_increasing,0.25,1.0,0.3708749935243226,0.7033723998622179,0.0,0.6048903338296949
mild_increasing,0.275,1.0,0.3708749935243226,0.7033723998622179,0.0,0.6048903338296949
mild_increasing,0.30000000000000004,1.0,0.3708749935243226,0.7033723998622179,0.0,0.6048903338296949
mild_increasing,0.325,1.0,0.3708749935243226,0.7033723998622179,0.0,0.6048903338296949
mild_increasing,0.35000000000000003,1.0,0.3708749935243226,0.7033723998622179,0.0,0.6048903338296949
mild_increasing,0.375,1.0,0.3708749935243226,0.7033723998622179,0.0,0.6048903338296949
mild_increasing,0.4,1.0,0.3708749935243226,0.7033723998622179,0.0,0.6048903338296949
mild_increasing,0.42500000000000004,1.0,0.3708749935243226,0.7033723998622179,0.0,0.6048903338296949
mild_increasing,0.45,1.0,0.3708749935243226,0.7033723998622179,0.0,0.6048903338296949
mild_increasing,0.47500000000000003,0.7255866963684401,0.31286591460802515,0.6486927571847839,-0.058009078916297474,0.4832639277692241
mild_increasing,0.5,0.6107858882039061,0.28295165394402033,0.6173691516618773,-0.0879233395803023,0.42175124533961694
mild_increasing,0.525,0.5592913018701756,0.27028529084846237,0.6021570450823326,-0.10058970267586026,0.3964802006766586
mild_increasing,0.55,0.48930218100813344,0.25463208046585495,0.5799274639993596,-0.11624291305846768,0.3665607630256316
mild_increasing,0.5750000000000001,0.44635548878412684,0.24117920148560817,0.5627901657169954,-0.12969579203871445,0.3404099910414578
mild_increasing,0.6000000000000001,0.36740403046158626,0.21968415115623238,0.528114974322927,-0.15119084236809024,0.3017820904008928
mild_increasing,0.625,0.34264104025281045,0.2103114605382522,0.5140288921591043,-0.16056353298607043,0.28468939992659004
mild_increasing,0.65,0.30725793918043826,0.19524532119372787,0.49102132952313665,-0.17562967233059476,0.25758909890461396
mild_increasing,0.675,0.29295964357871834,0.1900972590627763,0.481454249066831,-0.18077773446154632,0.24915937025256077
mild_increasing,0.7000000000000001,0.27892037507123246,0.1849925705794948,0.47158805515702934,-0.18588242294482782,0.2410706328828209
mild_increasing,0.7250000000000001,0.25374294151168214,0.17517354022049816,0.4519644856954074,-0.19570145330382446,0.2259882714890675
mild_increasing,0.75,0.24198311143345594,0.1689145793192036,0.441133423687348,-0.20196041420511904,0.21570932907197482
mild_increasing,0.775,0.24120603015075376,0.16859965635738833,0.44046079860932336,-0.2022753371669343,0.21526152327454967
mild_increasing,0.8,0.235921877428379,0.16644707949055776,0.4358207322844808,-0.20442791403376487,0.21223569435182577
mild_increasing,0.8250000000000001,0.2298606434233021,0.1640748253324318,0.4304963960586736,-0.20680016819189082,0.2090791375711268
mild_increasing,0.8500000000000001,0.20095321970678132,0.14952307295694767,0.40059441978264015,-0.22135192056737496,0.188587959515809
mild_increasing,0.875,0.20095321970678132,0.14952307295694767,0.40059441978264015,-0.22135192056737496,0.188587959515809
mild_increasing,0.9,0.1994508625602238,0.14883116883116884,0.398949582096991,-0.22204382469315379,0.18775946484934905
mild_increasing,0.925,0.19613531575402787,0.1473851030110935,0.39538517799836514,-0.22348989051322912,0.1861489706286033
mild_increasing,0.9500000000000001,0.18877894627778066,0.14270032930845225,0.38638152419439475,-0.22817466421587038,0.17949930592411506
mild_increasing,0.9750000000000001,0.1876392270631508,0.14218663721700717,0.3850825037603037,-0.22868835630731546,0.17896621588847114
mild_increasing,1.0,0.1876392270631508,0.14218663721700717,0.3850825037603037,-0.22868835630731546,0.17896621588847114
mild_increasing,1.0250000000000001,0.18157799305807387,0.13951497860199716,0.3781329485258553,-0.23136001492232547,0.17639293484745727
mild_increasing,1.05,0.18157799305807387,0.13951497860199716,0.3781329485258553,-0.23136001492232547,0.17639293484745727
mild_increasing,1.075,0.1753095373776097,0.13682033096926713,0.3708129373476975,-0.2340546625550555,0.17412756856862902
mild_increasing,1.1,0.1753095373776097,0.13682033096926713,0.3708129373476975,-0.2340546625550555,0.17412756856862902
mild_increasing,1.125,0.1720976014091074,0.13546056592414207,0.3669969925291055,-0.23541442760018055,0.17311822381036873
mild_increasing,1.1500000000000001,0.16909288711599232,0.13419117647058823,0.3633693059071696,-0.2366838170537344,0.17224897046510307
mild_increasing,1.175,0.16909288711599232,0.13419117647058823,0.3633693059071696,-0.2366838170537344,0.17224897046510307
mild_increasing,1.2000000000000002,0.16909288711599232,0.13419117647058823,0.3633693059071696,-0.2366838170537344,0.17224897046510307
mild_increasing,1.225,0.15044293633114023,0.12603305785123967,0.3389076113975009,-0.24484193567308296,0.16797472393568497
mild_increasing,1.25,0.15044293633114023,0.12603305785123967,0.3389076113975009,-0.24484193567308296,0.16797472393568497
mild_increasing,1.2750000000000001,0.15044293633114023,0.12603305785123967,0.3389076113975009,-0.24484193567308296,0.16797472393568497
mild_increasing,1.3,0.15044293633114023,0.12603305785123967,0.3389076113975009,-0.24484193567308296,0.16797472393568497
mild_increasing,1.3250000000000002,0.15044293633114023,0.12603305785123967,0.3389076113975009,-0.24484193567308296,0.16797472393568497
mild_increasing,1.35,0.14826710873957416,0.12508735150244585,0.3358727715844563,-0.24578764202187678,0.16771625051092592
mild_increasing,1.375,0.14826710873957416,0.12508735150244585,0.3358727715844563,-0.24578764202187678,0.16771625051092592
mild_increasing,1.4000000000000001,0.14355281562451433,0.12306026705160591,0.3291767973394256,-0.2478147264727167,0.16739636129837962
mild_increasing,1.425,0.1407553230067865,0.12182554287817446,0.3250443809968392,-0.24904945064614817,0.1672682279123901
mild_increasing,1.4500000000000002,0.1407553230067865,0.12182554287817446,0.3250443809968392,-0.24904945064614817,0.1672682279123901
mild_increasing,1.475,0.12308967518002382,0.11321548821548821,0.2954131934141303,-0.2576595053088344,0.16739719571780726
mild_increasing,1.5,0.12308967518002382,0.11321548821548821,0.2954131934141303,-0.2576595053088344,0.16739719571780726
mild_increasing,1.5250000000000001,0.12308967518002382,0.11321548821548821,0.2954131934141303,-0.2576595053088344,0.16739719571780726
mild_increasing,1.55,0.12308967518002382,0.11321548821548821,0.2954131934141303,-0.2576595053088344,0.16739719571780726
mild_increasing,1.5750000000000002,0.12308967518002382,0.11321548821548821,0.2954131934141303,-0.2576595053088344,0.16739719571780726
mild_increasing,1.6,0.12308967518002382,0.11321548821548821,0.2954131934141303,-0.2576595053088344,0.16739719571780726
mild_increasing,1.625,0.12308967518002382,0.11321548821548821,0.2954131934141303,-0.2576595053088344,0.16739719571780726
mild_increasing,1.6500000000000001,0.12308967518002382,0.11321548821548821,0.2954131934141303,-0.2576595053088344,0.16739719571780726
mild_increasing,1.675,0.12308967518002382,0.11321548821548821,0.2954131934141303,-0.2576595053088344,0.16739719571780726
mild_increasing,1.7000000000000002,0.12308967518002382,0.11321548821548821,0.2954131934141303,-0.2576595053088344,0.16739719571780726
mild_increasing,1.725,0.12308967518002382,0.11321548821548821,0.2954131934141303,-0.2576595053088344,0.16739719571780726
mild_increasing,1.75,0.12308967518002382,0.11321548821548821,0.2954131934141303,-0.2576595053088344,0.16739719571780726
mild_increasing,1.7750000000000001,0.12308967518002382,0.11321548821548821,0.2954131934141303,-0.2576595053088344,0.16739719571780726
mild_increasing,1.8,0.12308967518002382,0.11321548821548821,0.2954131934141303,-0.2576595053088344,0.16739719571780726
mild_increasing,1.8250000000000002,0.11189970470911258,0.10787037037037037,0.27443367942221003,-0.26300462315395223,0.17086314384886372
mild_increasing,1.85,0.11189970470911258,0.10787037037037037,0.27443367942221003,-0.26300462315395223,0.17086314384886372
mild_increasing,1.875,0.11189970470911258,0.10787037037037037,0.27443367942221003,-0.26300462315395223,0.17086314384886372
mild_increasing,1.9000000000000001,0.11189970470911258,0.10787037037037037,0.27443367942221003,-0.26300462315395223,0.17086314384886372
mild_increasing,1.925,0.11189970470911258,0.10787037037037037,0.27443367942221003,-0.26300462315395223,0.17086314384886372
mild_increasing,1.9500000000000002,0.11189970470911258,0.10787037037037037,0.27443367942221003,-0.26300462315395223,0.17086314384886372
mild_increasing,1.975,0.11029373672486142,0.10709253170502583,0.27121617655758345,-0.26378246181929677,0.17159204906398792
mild_increasing,2.0,0.11029373672486142,0.10709253170502583,0.27121617655758345,-0.26378246181929677,0.17159204906398792
mild_increasing,2.025,0.06460135730197379,0.1764234161988773,0.44327880360824495,-0.19445157732544532,0.22150961388731877
mild_increasing,2.0500000000000003,0.06460135730197379,0.1764234161988773,0.44327880360824495,-0.19445157732544532,0.22150961388731877
mild_increasing,2.075,0.06460135730197379,0.1764234161988773,0.44327880360824495,-0.19445157732544532,0.22150961388731877
mild_increasing,2.1,0.06164844842770554,0.1773109243697479,0.4410851740967326,-0.19356406915457472,0.22669436257748
mild_increasing,2.125,0.05864373413459048,0.18374558303886926,0.4525314455740804,-0.18712941048545337,0.23318576984735087
mild_increasing,2.15,0.056260684867637155,0.1887661141804788,0.4605854601778981,-0.18210887934384382,0.23882715604714655
mild_increasing,2.1750000000000003,0.055535409003781795,0.19029850746268656,0.46291803669271714,-0.18057648606163607,0.2406401972641802
mild_increasing,2.2,0.05429207895145832,0.19274809160305342,0.46625982079898654,-0.1781269019212692,0.24386096514045916
mild_increasing,2.225,0.048748899134849505,0.20403825717321997,0.4800825642914044,-0.16683673635110266,0.2602192257887367
mild_increasing,2.25,0.04631404444904937,0.20917225950782997,0.4854482556409714,-0.16170273401649266,0.2686423841915002
mild_increasing,2.275,0.03382893850696783,0.24196018376722817,0.51333874711232,-0.12891480975709446,0.3306269116022148
mild_increasing,2.3000000000000003,0.021188416308345854,0.3105134474327628,0.5652816641065025,-0.0603615460915598,0.4682136265922891
mild_increasing,2.325,0.016992177381754132,0.35365853658536583,0.5949557803823801,-0.017216456938956792,0.559144430720263
mild_increasing,2.35,0.00792622908356214,0.5947712418300654,0.7496422156770981,0.22389624830574273,1.0843096292565115
mild_increasing,2.375,0.00414443350774491,1.0,1.0,0.6291250064756774,1.9824921659530783
mild_increasing,2.4000000000000004,0.00414443350774491,1.0,1.0,0.6291250064756774,1.9824921659530783
mild_increasing,2.4250000000000003,0.00414443350774491,1.0,1.0,0.6291250064756774,1.9824921659530783
mild_increasing,2.45,0.00414443350774491,1.0,1.0,0.6291250064756774,1.9824921659530783
mild_increasing,2.475,0.00414443350774491,1.0,1.0,0.6291250064756774,1.9824921659530783
mild_increasing,2.5,0.00414443350774491,1.0,1.0,0.6291250064756774,1.9824921659530783
mild_increasing,2.5250000000000004,0.00414443350774491,1.0,1.0,0.6291250064756774,1.9824921659530783
mild_increasing,2.5500000000000003,0.00414443350774491,1.0,1.0,0.6291250064756774,1.9824921659530783
mild_increasing,2.575,0.00414443350774491,1.0,1.0,0.6291250064756774,1.9824921659530783
mild_increasing,2.6,0.00414443350774491,1.0,1.0,0.6291250064756774,1.9824921659530783
mild_increasing,2.625,0.00414443350774491,1.0,1.0,0.6291250064756774,1.9824921659530783
mild_increasing,2.6500000000000004,0.00414443350774491,1.0,1.0,0.6291250064756774,1.9824921659530783
mild_increasing,2.6750000000000003,0.00414443350774491,1.0,1.0,0.6291250064756774,1.9824921659530783
mild_increasing,2.7,0.00414443350774491,1.0,1.0,0.6291250064756774,1.9824921659530783
mild_increasing,2.725,0.00414443350774491,1.0,1.0,0.6291250064756774,1.9824921659530783
mild_increasing,2.75,0.00414443350774491,1.0,1.0,0.6291250064756774,1.9824921659530783
mild_increasing,2.7750000000000004,0.00414443350774491,1.0,1.0,0.6291250064756774,1.9824921659530783
mild_increasing,2.8000000000000003,0.00414443350774491,1.0,1.0,0.6291250064756774,1.9824921659530783
mild_increasing,2.825,0.00414443350774491,1.0,1.0,0.6291250064756774,1.9824921659530783
mild_increasing,2.85,0.00414443350774491,1.0,1.0,0.6291250064756774,1.9824921659530783
mild_increasing,2.875,0.00414443350774491,1.0,1.0,0.6291250064756774,1.9824921659530783
mild_increasing,2.9000000000000004,0.00414443350774491,1.0,1.0,0.6291250064756774,1.9824921659530783
mild_increasing,2.9250000000000003,0.00414443350774491,1.0,1.0,0.6291250064756774,1.9824921659530783
mild_increasing,2.95,0.00414443350774491,1.0,1.0,0.6291250064756774,1.9824921659530783
mild_increasing,2.975,0.00414443350774491,1.0,1.0,0.6291250064756774,1.9824921659530783
mild_increasing,3.0,0.00414443350774491,1.0,1.0,0.6291250064756774,1.9824921659530783
strong_increasing,0.0,1.0,0.3708749935243226,0.7033723998622179,0.0,0.7577671083868777
strong_increasing,0.025,1.0,0.3708749935243226,0.7033723998622179,0.0,0.7577671083868777
strong_increasing,0.05,1.0,0.3708749935243226,0.7033723998622179,0.0,0.7577671083868777
strong_increasing,0.07500000000000001,1.0,0.3708749935243226,0.7033723998622179,0.0,0.7577671083868777
strong_increasing,0.1,1.0,0.3708749935243226,0.7033723998622179,0.0,0.7577671083868777
strong_increasing,0.125,1.0,0.3708749935243226,0.7033723998622179,0.0,0.7577671083868777
strong_increasing,0.15000000000000002,1.0,0.3708749935243226,0.7033723998622179,0.0,0.7577671083868777
strong_increasing,0.17500000000000002,1.0,0.3708749935243226,0.7033723998622179,0.0,0.7577671083868777
strong_increasing,0.2,1.0,0.3708749935243226,0.7033723998622179,0.0,0.7577671083868777
strong_increasing,0.225,1.0,0.3708749935243226,0.7033723998622179,0.0,0.7577671083868777
strong_increasing,0.25,1.0,0.3708749935243226,0.7033723998622179,0.0,0.7577671083868777
strong_increasing,0.275,1.0,0.3708749935243226,0.7033723998622179,0.0,0.7577671083868777
strong_increasing,0.30000000000000004,0.9373154431953582,0.3560493008345769,0.691489061500642,-0.014825692689745706,0.6976829115489129
strong_increasing,0.325,0.7297829352950319,0.3090792929651452,0.6475032266966302,-0.061795700559177436,0.5153523976621068
strong_increasing,0.35000000000000003,0.7052789721804901,0.3024827383575731,0.6410767836855545,-0.06839225516674952,0.4907518003221186
strong_increasing,0.375,0.6579806247733513,0.2915518463113141,0.6290337666656496,-0.07932314721300854,0.4513439132281202
strong_increasing,0.4,0.6052945138061441,0.2799554946935981,0.6149940439160653,-0.09091949883072453,0.41130479513284374
strong_increasing,0.42500000000000004,0.5664404496710356,0.269160417047741,0.6029495162095594,-0.10171457647658161,0.37578094190657074
strong_increasing,0.45,0.5293995751955655,0.2604951560818084,0.5915571363869553,-0.11037983744251423,0.348738215332942
strong_increasing,0.47500000000000003,0.4866082992280993,0.24901522410305546,0.5765287179898447,-0.12185976942126717,0.31381033227916416
strong_increasing,0.5,0.4740713878671709,0.24598404545951263,0.572081099243539,-0.12489094806480999,0.30518669960312966
strong_increasing,0.525,0.44842770553799927,0.23763863216266173,0.5615770831453947,-0.1332363613616609,0.281532225898564
strong_increasing,0.55,0.4290524788892918,0.23267326732673269,0.553918123240564,-0.13820172619758994,0.26856496185345435
strong_increasing,0.5750000000000001,0.4139771020048697,0.22863221123764235,0.5475883582777507,-0.14224278228668027,0.25827456063999854
strong_increasing,0.6000000000000001,0.3639330673988499,0.21423487544483985,0.5240839405136821,-0.15664011807948278,0.22429574800884342
strong_increasing,0.625,0.3569911412733772,0.2111449717022203,0.5199674347634268,-0.15973002182210233,0.21665668514494188
strong_increasing,0.65,0.3438325648862871,0.2068705740545427,0.512741303210633,-0.16400441946977992,0.207390964988361
strong_increasing,0.675,0.3365280008288867,0.2044334975369458,0.5085620756916254,-0.16644149598737681,0.20228978901864908
strong_increasing,0.7000000000000001,0.3169973579236388,0.19643732636051642,0.496131961357536,-0.1744376671638062,0.185275113127472
strong_increasing,0.7250000000000001,0.3146661140755323,0.195587751070135,0.4946402383288404,-0.17528724245418761,0.18363448361643633
strong_increasing,0.75,0.3026990623219189,0.19116892007530378,0.4867679854819167,-0.17970607344901884,0.17547324699803402
strong_increasing,0.775,0.3026990623219189,0.19116892007530378,0.4867679854819167,-0.17970607344901884,0.17547324699803402
strong_increasing,0.8,0.2954463036833653,0.18849728213221112,0.48186926766797494,-0.1823777113921115,0.1710072983949205
strong_increasing,0.8250000000000001,0.29119825933792676,0.1860878847180217,0.47851565916067723,-0.18478710880630092,0.16610836821528133
strong_increasing,0.8500000000000001,0.2897995130290628,0.18555595280657847,0.4775311189683448,-0.18531904071774416,0.16526445544639262
strong_increasing,0.875,0.2853960524270839,0.18388092212742785,0.4744037039707969,-0.18699407139689478,0.16270291097798098
strong_increasing,0.9,0.2837900844428327,0.1832785688207375,0.47326162571291863,-0.18759642470358512,0.16184426019171713
strong_increasing,0.925,0.2771589908304409,0.18074766355140187,0.4684379122681651,-0.19012732997292076,0.15832733365679424
strong_increasing,0.9500000000000001,0.2771589908304409,0.18074766355140187,0.4684379122681651,-0.19012732997292076,0.15832733365679424
strong_increasing,0.9750000000000001,0.2630161114852614,0.17510340752412842,0.45753069038088423,-0.1957715860001942,0.1510332077559424
strong_increasing,1.0,0.2582500129513547,0.17311935807422266,0.4536482008355957,-0.19775563545009997,0.14864957720489738
strong_increasing,1.0250000000000001,0.25198155727089055,0.17043585526315788,0.44836241624287476,-0.20043913826116475,0.14555587329122924
strong_increasing,1.05,0.25198155727089055,0.17043585526315788,0.44836241624287476,-0.20043913826116475,0.14555587329122924
strong_increasing,1.075,0.2501165621924053,0.1696354598177299,0.4467651892272058,-0.20123953370659273,0.14471189095202516
strong_increasing,1.1,0.2501165621924053,0.1696354598177299,0.4467651892272058,-0.20123953370659273,0.14471189095202516
strong_increasing,1.125,0.24711184789929028,0.16834381551362684,0.4441672227962025,-0.20253117801069578,0.1434287561806375
strong_increasing,1.1500000000000001,0.24711184789929028,0.16834381551362684,0.4441672227962025,-0.20253117801069578,0.1434287561806375
strong_increasing,1.175,0.24084339221882609,0.16562701656270165,0.43863079861485466,-0.20524797696162098,0.14101101376370753
strong_increasing,1.2000000000000002,0.24084339221882609,0.16562701656270165,0.43863079861485466,-0.20524797696162098,0.14101101376370753
strong_increasing,1.225,0.24084339221882609,0.16562701656270165,0.43863079861485466,-0.20524797696162098,0.14101101376370753
strong_increasing,1.25,0.24084339221882609,0.16562701656270165,0.43863079861485466,-0.20524797696162098,0.14101101376370753
strong_increasing,1.2750000000000001,0.24084339221882609,0.16562701656270165,0.43863079861485466,-0.20524797696162098,0.14101101376370753
strong_increasing,1.3,0.24084339221882609,0.16562701656270165,0.43863079861485466,-0.20524797696162098,0.14101101376370753
strong_increasing,1.3250000000000002,0.2400663109361239,0.16529995684074233,0.4379468793789094,-0.2055750366835803,0.1407895890223768
strong_increasing,1.35,0.2400663109361239,0.16529995684074233,0.4379468793789094,-0.2055750366835803,0.1407895890223768
strong_increasing,1.375,0.23478215821374915,0.16306266548984996,0.43322770863644805,-0.20781232803447267,0.13944094328188802
strong_increasing,1.4000000000000001,0.23478215821374915,0.16306266548984996,0.43322770863644805,-0.20781232803447267,0.13944094328188802
strong_increasing,1.425,0.23478215821374915,0.16306266548984996,0.43322770863644805,-0.20781232803447267,0.13944094328188802
strong_increasing,1.4500000000000002,0.23478215821374915,0.16306266548984996,0.43322770863644805,-0.20781232803447267,0.13944094328188802
strong_increasing,1.475,0.23478215821374915,0.16306266548984996,0.43322770863644805,-0.20781232803447267,0.13944094328188802
strong_increasing,1.5,0.23478215821374915,0.16306266548984996,0.43322770863644805,-0.20781232803447267,0.13944094328188802
strong_increasing,1.5250000000000001,0.23478215821374915,0.16306266548984996,0.43322770863644805,-0.20781232803447267,0.13944094328188802
strong_increasing,1.55,0.23478215821374915,0.16306266548984996,0.43322770863644805,-0.20781232803447267,0.13944094328188802
strong_increasing,1.5750000000000002,0.233176190229498,0.16240835369917797,0.4318054107112378,-0.20846663982514466,0.13922201430565562
strong_increasing,1.6,0.233176190229498,0.16240835369917797,0.4318054107112378,-0.20846663982514466,0.13922201430565562
strong_increasing,1.625,0.233176190229498,0.16240835369917797,0.4318054107112378,-0.20846663982514466,0.13922201430565562
strong_increasing,1.6500000000000001,0.233176190229498,0.16240835369917797,0.4318054107112378,-0.20846663982514466,0.13922201430565562
strong_increasing,1.675,0.22872092420867224,0.1605889014722537,0.4278081245819234,-0.21028609205206894,0.1387931863201057
strong_increasing,1.7000000000000002,0.22872092420867224,0.1605889014722537,0.4278081245819234,-0.21028609205206894,0.1387931863201057
strong_increasing,1.725,0.22872092420867224,0.1605889014722537,0.4278081245819234,-0.21028609205206894,0.1387931863201057
strong_increasing,1.75,0.22872092420867224,0.1605889014722537,0.4278081245819234,-0.21028609205206894,0.1387931863201057
strong_increasing,1.7750000000000001,0.22872092420867224,0.1605889014722537,0.4278081245819234,-0.21028609205206894,0.1387931863201057
strong_increasing,1.8,0.22872092420867224,0.1605889014722537,0.4278081245819234,-0.21028609205206894,0.1387931863201057
strong_increasing,1.8250000000000002,0.22872092420867224,0.1605889014722537,0.4278081245819234,-0.21028609205206894,0.1387931863201057
strong_increasing,1.85,0.22872092420867224,0.1605889014722537,0.4278081245819234,-0.21028609205206894,0.1387931863201057
strong_increasing,1.875,0.22872092420867224,0.1605889014722537,0.4278081245819234,-0.21028609205206894,0.1387931863201057
strong_increasing,1.9000000000000001,0.22872092420867224,0.1605889014722537,0.4278081245819234,-0.21028609205206894,0.1387931863201057
strong_increasing,1.925,0.22872092420867224,0.1605889014722537,0.4278081245819234,-0.21028609205206894,0.1387931863201057
strong_increasing,1.9500000000000002,0.22872092420867224,0.1605889014722537,0.4278081245819234,-0.21028609205206894,0.1387931863201057
strong_increasing,1.975,0.20053877635600684,0.14802376646861276,0.3994119140738417,-0.22285122705570987,0.1392663394471713
strong_increasing,2.0,0.20053877635600684,0.14802376646861276,0.3994119140738417,-0.22285122705570987,0.1392663394471713
strong_increasing,2.025,0.15743666787545976,0.1885488647581441,0.5087606184204806,-0.1823261287661785,0.1500164527805199
strong_increasing,2.0500000000000003,0.15743666787545976,0.1885488647581441,0.5087606184204806,-0.1823261287661785,0.1500164527805199
strong_increasing,2.075,0.15743666787545976,0.1885488647581441,0.5087606184204806,-0.1823261287661785,0.1500164527805199
strong_increasing,2.1,0.15743666787545976,0.1885488647581441,0.5087606184204806,-0.1823261287661785,0.1500164527805199
strong_increasing,2.125,0.1544319535823447,0.1912110030191211,0.5144239378042899,-0.17966399050520152,0.15098960080509896
strong_increasing,2.15,0.1520489043153914,0.19318568994889268,0.5183740960674367,-0.17768930357542995,0.15178875638841569
strong_increasing,2.1750000000000003,0.15132362845153602,0.1937692571037316,0.5195071200066148,-0.17710573642059102,0.15203697363916469
strong_increasing,2.2,0.15008029839921255,0.19468415602347255,0.5211848306531125,-0.17619083750085007,0.15246807041767346
strong_increasing,2.225,0.14453711858260374,0.1985663082437276,0.5279533531193337,-0.17230868528059504,0.15448028673835126
strong_increasing,2.25,0.1421022638968036,0.2001458257382428,0.5305223852525547,-0.17072916778607983,0.15541378053226396
strong_increasing,2.275,0.1316375692897477,0.20700511609602518,0.5412107664767655,-0.16386987742829745,0.159818968909878
strong_increasing,2.3000000000000003,0.11899704709112573,0.21549847627340007,0.5534203554082175,-0.15537651725092255,0.16617326948193298
strong_increasing,2.325,0.11480080816453402,0.2184115523465704,0.5573789944578235,-0.15246344117775223,0.16859205776173286
strong_increasing,2.35,0.10573485986634201,0.22488975992160706,0.5657528734697267,-0.14598523360271556,0.17447329740323375
strong_increasing,2.375,0.09993265295549915,0.22913426645930535,0.5708824065343335,-0.14174072706501728,0.17879730430274754
strong_increasing,2.4000000000000004,0.08159353468372792,0.2438095238095238,0.5868074741764238,-0.12706546971479882,0.19650793650793652
strong_increasing,2.4250000000000003,0.08159353468372792,0.2438095238095238,0.5868074741764238,-0.12706546971479882,0.19650793650793652
strong_increasing,2.45,0.06392788685696524,0.26094003241491087,0.6020890893123411,-0.10993496110941176,0.2231766612641815
strong_increasing,2.475,0.05424027353261151,0.27411652340019105,0.6131192128763115,-0.09675847012413158,0.24517669531996178
strong_increasing,2.5,0.03559032274775942,0.3129548762736536,0.6405911279459089,-0.057920117250669034,0.3212518195050946
strong_increasing,2.5250000000000004,0.03258560845464436,0.32273449920508746,0.6469944518253616,-0.04814049431923517,0.34165341812400635
strong_increasing,2.5500000000000003,0.023105216805677873,0.36771300448430494,0.674366669947799,-0.0031619890400176875,0.44080717488789245
strong_increasing,2.575,0.017043982800600942,0.4194528875379939,0.7032057469909457,0.0485778940136713,0.5620060790273558
strong_increasing,2.6,0.015904263585971093,0.43322475570032576,0.7105838606366995,0.06234976217600313,0.595114006514658
strong_increasing,2.625,0.00564679065430244,0.7981651376146789,0.8986225987472088,0.42729014409035626,1.4944954128440366
strong_increasing,2.6500000000000004,0.00414443350774491,1.0,1.0,0.6291250064756774,2.0
strong_increasing,2.6750000000000003,0.00414443350774491,1.0,1.0,0.6291250064756774,2.0
strong_increasing,2.7,0.00414443350774491,1.0,1.0,0.6291250064756774,2.0
strong_increasing,2.725,0.00414443350774491,1.0,1.0,0.6291250064756774,2.0
strong_increasing,2.75,0.00414443350774491,1.0,1.0,0.6291250064756774,2.0
strong_increasing,2.7750000000000004,0.00414443350774491,1.0,1.0,0.6291250064756774,2.0
strong_increasing,2.8000000000000003,0.00414443350774491,1.0,1.0,0.6291250064756774,2.0
strong_increasing,2.825,0.00414443350774491,1.0,1.0,0.6291250064756774,2.0
strong_increasing,2.85,0.00414443350774491,1.0,1.0,0.6291250064756774,2.0
strong_increasing,2.875,0.00414443350774491,1.0,1.0,0.6291250064756774,2.0
strong_increasing,2.9000000000000004,0.00414443350774491,1.0,1.0,0.6291250064756774,2.0
strong_increasing,2.9250000000000003,0.00414443350774491,1.0,1.0,0.6291250064756774,2.0
strong_increasing,2.95,0.00414443350774491,1.0,1.0,0.6291250064756774,2.0
strong_increasing,2.975,0.00414443350774491,1.0,1.0,0.6291250064756774,2.0
strong_increasing,3.0,0.00414443350774491,1.0,1.0,0.6291250064756774,2.0
decreasing,0.0,1.0,0.3708749935243226,0.7033723998622179,0.0,0.4454367387831934
decreasing,0.025,1.0,0.3708749935243226,0.7033723998622179,0.0,0.4454367387831934
decreasing,0.05,1.0,0.3708749935243226,0.7033723998622179,0.0,0.4454367387831934
decreasing,0.07500000000000001,1.0,0.3708749935243226,0.7033723998622179,0.0,0.4454367387831934
decreasing,0.1,1.0,0.3708749935243226,0.7033723998622179,0.0,0.4454367387831934
decreasing,0.125,1.0,0.3708749935243226,0.7033723998622179,0.0,0.4454367387831934
decreasing,0.15000000000000002,1.0,0.3708749935243226,0.7033723998622179,0.0,0.4454367387831934
decreasing,0.17500000000000002,0.9568978915194529,0.38758053164419903,0.7350548121130632,0.016705538119876406,0.4097722920459954
decreasing,0.2,0.9507848520955292,0.3896910586825042,0.7382201390889704,0.018816065158181572,0.40529890421283377
decreasing,0.225,0.9415634875407968,0.39257221458046765,0.7420245842040335,0.021697221056145022,0.399227611252772
decreasing,0.25,0.9142620318085272,0.4006119673617407,0.751712702112369,0.02973697383741808,0.3823793822551786
decreasing,0.275,0.8922447287986324,0.40678162921674504,0.7585450088247354,0.03590663569242242,0.36953358184751756
decreasing,0.30000000000000004,0.8558773247681708,0.4165002118515828,0.7684722209470176,0.045625218327260186,0.34945925781783904
decreasing,0.325,0.8320468320986375,0.42270095261814333,0.7744245953152794,0.051825959093820706,0.33674809967899216
decreasing,0.35000000000000003,0.8165052064445941,0.42662267622612776,0.7780235141120851,0.055747682701805135,0.3287626497934325
decreasing,0.375,0.8051080142982956,0.4293803487549064,0.7804532384289297,0.058505355230583755,0.32318680890100204
decreasing,0.4,0.7754235092990727,0.43626402993051844,0.7862389473885087,0.06538903640619581,0.30940278669320787
decreasing,0.42500000000000004,0.7633010412889188,0.43905253155965795,0.788516550276906,0.06817753803533533,0.303857408301618
decreasing,0.45,0.7521628762368544,0.4414904607755355,0.7904375399087435,0.07061546725121287,0.2990561909406
decreasing,0.47500000000000003,0.7203543490649121,0.44839985616684647,0.7957332073991388,0.07752486264252384,0.2855660827822665
decreasing,0.5,0.7091125731751541,0.45083284628872006,0.797551083868129,0.07995785276439743,0.28085785094940224
decreasing,0.525,0.6898927627829871,0.45490726139520915,0.8005207525634929,0.08403226787088652,0.27304970182213856
decreasing,0.55,0.668756151893488,0.45936943217909987,0.8036964776613786,0.08849443865477724,0.2645861172170481
decreasing,0.5750000000000001,0.6482930114489975,0.4637206328911619,0.8067317788771584,0.09284563936683926,0.2564124629286558
decreasing,0.6000000000000001,0.6419727503496866,0.46505810200129116,0.8076496942190556,0.09418310847696854,0.2539213821258364
decreasing,0.625,0.5919287157436668,0.4761946437948538,0.8151852023344694,0.1053196502705312,0.23334421140026398
decreasing,0.65,0.5768533388592447,0.4796587337224966,0.8174705699319984,0.108783740198174,0.22704377723012628
decreasing,0.675,0.5574781122105372,0.484248675773627,0.8204696088806448,0.11337368224930439,0.21875071332694795
decreasing,0.7000000000000001,0.5377920530487489,0.48897023408149504,0.8234979239864676,0.11809524055717241,0.2103357711606763
decreasing,0.7250000000000001,0.5288815210070973,0.4911352727985111,0.8248692659859508,0.12026027927418848,0.20651549665578023
decreasing,0.75,0.5223540382323991,0.4927105028265397,0.8258560882375483,0.1218355093022171,0.2037622028087422
decreasing,0.775,0.5213697352743097,0.4929451510333863,0.8260019001316792,0.12207015750906369,0.20335504550590186
decreasing,0.8,0.5039631145417811,0.49701891447368424,0.8284927991150774,0.1261439209493616,0.19639642515851974
decreasing,0.8250000000000001,0.4799772056157074,0.5028602266594712,0.8320198631324811,0.13198523313514854,0.18654968846907385
decreasing,0.8500000000000001,0.4641765528674299,0.5069196428571429,0.8344508253735802,0.13604464933282023,0.1797699073675131
decreasing,0.875,0.4549033828938507,0.5093952852750256,0.8359269109620862,0.13852029175070302,0.17565617584722334
decreasing,0.9,0.4436098015852458,0.5124372299427771,0.8377221627277905,0.14156223641845445,0.1706644122183258
decreasing,0.925,0.4436098015852458,0.5124372299427771,0.8377221627277905,0.14156223641845445,0.1706644122183258
decreasing,0.9500000000000001,0.4381184271874838,0.5138938157739151,0.838569333448391,0.1430188222495925,0.1683200176821367
decreasing,0.9750000000000001,0.4119566906698441,0.5211267605633803,0.8427392011913282,0.15025176703905763,0.1568247251964372
decreasing,1.0,0.410039890172512,0.5216677195198989,0.8430473113123624,0.15079272599557625,0.15598091059779184
decreasing,1.0250000000000001,0.410039890172512,0.5216677195198989,0.8430473113123624,0.15079272599557625,0.15598091059779184
decreasing,1.05,0.40890017095788217,0.5219815025972381,0.8432245349995737,0.15110650907291545,0.15549823458613646
decreasing,1.075,0.4071387867170906,0.5224583280315562,0.8434921856142549,0.1515833345072336,0.15477264186202822
decreasing,1.1,0.4034087965601202,0.5234364967253115,0.8440349598527671,0.15256150320098882,0.15331578322645323
decreasing,1.125,0.401802828575869,0.5238525012893244,0.84426432199672,0.15297750776500174,0.15270404396280898
decreasing,1.1500000000000001,0.39465368077500906,0.5257285376739301,0.8452963504120723,0.1548535441496075,0.1499580016446142
decreasing,1.175,0.38190954773869346,0.5291644058600109,0.8471753378641455,0.15828941233568827,0.14499117889442728
decreasing,1.2000000000000002,0.38190954773869346,0.5291644058600109,0.8471753378641455,0.15828941233568827,0.14499117889442728
decreasing,1.225,0.3706677718489354,0.5322152341020265,0.8488209532403569,0.1613402405777039,0.14071730376401337
decreasing,1.25,0.356214059990675,0.5363583478766725,0.851047672112642,0.16548335435234984,0.13496429223058157
decreasing,1.2750000000000001,0.356214059990675,0.5363583478766725,0.851047672112642,0.16548335435234984,0.13496429223058157
decreasing,1.3,0.356214059990675,0.5363583478766725,0.851047672112642,0.16548335435234984,0.13496429223058157
decreasing,1.3250000000000002,0.35502253535719835,0.5366992558003794,0.8512289259595804,0.16582426227605673,0.13450395793817083
decreasing,1.35,0.3533647619541004,0.5371646386160387,0.8514747803342366,0.16628964509171607,0.13388662614094607
decreasing,1.375,0.34947935554058956,0.5382448858582863,0.8520420572517372,0.1673698923339637,0.13247850059234567
decreasing,1.4000000000000001,0.3433663161166658,0.5399818949909475,0.8529527453262967,0.16910690146662488,0.1302253301170786
decreasing,1.425,0.3433663161166658,0.5399818949909475,0.8529527453262967,0.16910690146662488,0.1302253301170786
decreasing,1.4500000000000002,0.3410350722685593,0.5406349688591827,0.8532920746923461,0.1697599753348601,0.12940194469656852
decreasing,1.475,0.3410350722685593,0.5406349688591827,0.8532920746923461,0.1697599753348601,0.12940194469656852
decreasing,1.5,0.3410350722685593,0.5406349688591827,0.8532920746923461,0.1697599753348601,0.12940194469656852
decreasing,1.5250000000000001,0.3410350722685593,0.5406349688591827,0.8532920746923461,0.1697599753348601,0.12940194469656852
decreasing,1.55,0.33046676682380977,0.5435021163191723,0.8547579316722017,0.1726271227948497,0.12598752241796177
decreasing,1.5750000000000002,0.32026109931098795,0.5464251051439664,0.8562493874923719,0.17555011161964373,0.12253270547987613
decreasing,1.6,0.32026109931098795,0.5464251051439664,0.8562493874923719,0.17555011161964373,0.12253270547987613
decreasing,1.625,0.3100036263793193,0.5494652406417112,0.8577901935414941,0.17859024711738858,0.11903450153993372
decreasing,1.6500000000000001,0.3100036263793193,0.5494652406417112,0.8577901935414941,0.17859024711738858,0.11903450153993372
decreasing,1.675,0.3100036263793193,0.5494652406417112,0.8577901935414941,0.17859024711738858,0.11903450153993372
decreasing,1.7000000000000002,0.3100036263793193,0.5494652406417112,0.8577901935414941,0.17859024711738858,0.11903450153993372
decreasing,1.725,0.3100036263793193,0.5494652406417112,0.8577901935414941,0.17859024711738858,0.11903450153993372
decreasing,1.75,0.3086566854893022,0.5498489425981873,0.8579813497463351,0.17897394907386466,0.11862560905400693
decreasing,1.7750000000000001,0.3086566854893022,0.5498489425981873,0.8579813497463351,0.17897394907386466,0.11862560905400693
decreasing,1.8,0.3086566854893022,0.5498489425981873,0.8579813497463351,0.17897394907386466,0.11862560905400693
decreasing,1.8250000000000002,0.30575558203388076,0.5506607929515418,0.8583829713747653,0.17978579942721917,0.11779054215206634
decreasing,1.85,0.30352794902346786,0.5512886158047449,0.8586928895584619,0.18041362228042224,0.11715202595234901
decreasing,1.875,0.30119670517536135,0.5519435844513244,0.8590149100196828,0.18106859092700178,0.11650033356005872
decreasing,1.9000000000000001,0.30119670517536135,0.5519435844513244,0.8590149100196828,0.18106859092700178,0.11650033356005872
decreasing,1.925,0.2995389317722634,0.5524040124524386,0.8592400484599219,0.18152901892811601,0.116056329612097
decreasing,1.9500000000000002,0.2995389317722634,0.5524040124524386,0.8592400484599219,0.18152901892811601,0.116056329612097
decreasing,1.975,0.2995389317722634,0.5524040124524386,0.8592400484599219,0.18152901892811601,0.116056329612097
decreasing,2.0,0.2995389317722634,0.5524040124524386,0.8592400484599219,0.18152901892811601,0.116056329612097
decreasing,2.025,0.2995389317722634,0.5524040124524386,0.8592400484599219,0.18152901892811601,0.116056329612097
decreasing,2.0500000000000003,0.29757032585608456,0.552924791086351,0.859491305367615,0.18204979756202833,0.11559510676989236
decreasing,2.075,0.29757032585608456,0.552924791086351,0.859491305367615,0.18204979756202833,0.11559510676989236
decreasing,2.1,0.29757032585608456,0.552924791086351,0.859491305367615,0.18204979756202833,0.11559510676989236
decreasing,2.125,0.29757032585608456,0.552924791086351,0.859491305367615,0.18204979756202833,0.11559510676989236
decreasing,2.15,0.29757032585608456,0.552924791086351,0.859491305367615,0.18204979756202833,0.11559510676989236
decreasing,2.1750000000000003,0.29757032585608456,0.552924791086351,0.859491305367615,0.18204979756202833,0.11559510676989236
decreasing,2.2,0.29757032585608456,0.552924791086351,0.859491305367615,0.18204979756202833,0.11559510676989236
decreasing,2.225,0.29757032585608456,0.552924791086351,0.859491305367615,0.18204979756202833,0.11559510676989236
decreasing,2.25,0.29757032585608456,0.552924791086351,0.859491305367615,0.18204979756202833,0.11559510676989236
decreasing,2.275,0.29757032585608456,0.552924791086351,0.859491305367615,0.18204979756202833,0.11559510676989236
decreasing,2.3000000000000003,0.29757032585608456,0.552924791086351,0.859491305367615,0.18204979756202833,0.11559510676989236
decreasing,2.325,0.29757032585608456,0.552924791086351,0.859491305367615,0.18204979756202833,0.11559510676989236
decreasing,2.35,0.2915608972698544,0.5543710021321961,0.8601705377713086,0.18349600860787352,0.114563799578095
decreasing,2.375,0.2899549292856033,0.5547614793639449,0.860353292141582,0.1838864858396223,0.11429462849747794
decreasing,2.4000000000000004,0.2899549292856033,0.5547614793639449,0.860353292141582,0.1838864858396223,0.11429462849747794
decreasing,2.4250000000000003,0.2899549292856033,0.5547614793639449,0.860353292141582,0.1838864858396223,0.11429462849747794
decreasing,2.45,0.2881417396259649,0.5551959726717008,0.8605554531392546,0.18432097914737822,0.11401286683843072
decreasing,2.475,0.2881417396259649,0.5551959726717008,0.8605554531392546,0.18432097914737822,0.11401286683843072
decreasing,2.5,0.2881417396259649,0.5551959726717008,0.8605554531392546,0.18432097914737822,0.11401286683843072
decreasing,2.5250000000000004,0.2881417396259649,0.5551959726717008,0.8605554531392546,0.18432097914737822,0.11401286683843072
decreasing,2.5500000000000003,0.2881417396259649,0.5551959726717008,0.8605554531392546,0.18432097914737822,0.11401286683843072
decreasing,2.575,0.2881417396259649,0.5551959726717008,0.8605554531392546,0.18432097914737822,0.11401286683843072
decreasing,2.6,0.2881417396259649,0.5551959726717008,0.8605554531392546,0.18432097914737822,0.11401286683843072
decreasing,2.625,0.2881417396259649,0.5551959726717008,0.8605554531392546,0.18432097914737822,0.11401286683843072
decreasing,2.6500000000000004,0.2881417396259649,0.5551959726717008,0.8605554531392546,0.18432097914737822,0.11401286683843072
decreasing,2.6750000000000003,0.2881417396259649,0.5551959726717008,0.8605554531392546,0.18432097914737822,0.11401286683843072
decreasing,2.7,0.2881417396259649,0.5551959726717008,0.8605554531392546,0.18432097914737822,0.11401286683843072
decreasing,2.725,0.2881417396259649,0.5551959726717008,0.8605554531392546,0.18432097914737822,0.11401286683843072
decreasing,2.75,0.2881417396259649,0.5551959726717008,0.8605554531392546,0.18432097914737822,0.11401286683843072
decreasing,2.7750000000000004,0.2881417396259649,0.5551959726717008,0.8605554531392546,0.18432097914737822,0.11401286683843072
decreasing,2.8000000000000003,0.2881417396259649,0.5551959726717008,0.8605554531392546,0.18432097914737822,0.11401286683843072
decreasing,2.825,0.2711495622442107,0.5590370653419946,0.8622923857556107,0.18816207181767197,0.11232822106229096
decreasing,2.85,0.2711495622442107,0.5590370653419946,0.8622923857556107,0.18816207181767197,0.11232822106229096
decreasing,2.875,0.2609957001502357,0.5615323541087733,0.8634167209304336,0.1906573605844507,0.11130280760682591
decreasing,2.9000000000000004,0.2609957001502357,0.5615323541087733,0.8634167209304336,0.1906573605844507,0.11130280760682591
decreasing,2.9250000000000003,0.2609957001502357,0.5615323541087733,0.8634167209304336,0.1906573605844507,0.11130280760682591
decreasing,2.95,0.2609957001502357,0.5615323541087733,0.8634167209304336,0.1906573605844507,0.11130280760682591
decreasing,2.975,0.2609957001502357,0.5615323541087733,0.8634167209304336,0.1906573605844507,0.11130280760682591
decreasing,3.0,0.2609957001502357,0.5615323541087733,0.8634167209304336,0.1906573605844507,0.11130280760682591
