design,policy,seed,accepted_pool_size,distinct_pair_count,distinct_tree_count,processed_pair_budget,effective_batch_size,optimizer_steps,sampling_rule
volume_proportional,oracle,42,4584,3169,2132,4584,2,2292,with_replacement
volume_proportional,oracle,43,4584,3150,2107,4584,2,2292,with_replacement
volume_proportional,oracle,44,4584,3197,2135,4584,2,2292,with_replacement
volume_proportional,oracle,45,4584,3153,2077,4584,2,2292,with_replacement
volume_proportional,oracle,46,4584,3162,2095,4584,2,2292,with_replacement
volume_proportional,oracle,47,4584,3133,2082,4584,2,2292,with_replacement
volume_proportional,oracle,48,4584,3165,2119,4584,2,2292,with_replacement
volume_proportional,oracle,49,4584,3087,2073,4584,2,2292,with_replacement
volume_proportional,oracle,50,4584,3142,2084,4584,2,2292,with_replacement
volume_proportional,oracle,51,4584,3142,2104,4584,2,2292,with_replacement
volume_proportional,normal_screening,42,2000,1424,1173,2000,2,1000,with_replacement
volume_proportional,normal_screening,43,2000,1433,1172,2000,2,1000,with_replacement
volume_proportional,normal_screening,44,2000,1447,1187,2000,2,1000,with_replacement
volume_proportional,normal_screening,45,2000,1445,1201,2000,2,1000,with_replacement
volume_proportional,normal_screening,46,2000,1425,1183,2000,2,1000,with_replacement
volume_proportional,normal_screening,47,2000,1421,1165,2000,2,1000,with_replacement
volume_proportional,normal_screening,48,2000,1448,1206,2000,2,1000,with_replacement
volume_proportional,normal_screening,49,2000,1424,1168,2000,2,1000,with_replacement
volume_proportional,normal_screening,50,2000,1443,1183,2000,2,1000,with_replacement
volume_proportional,normal_screening,51,2000,1429,1162,2000,2,1000,with_replacement
volume_proportional,reverse_screening,42,1882,1363,1125,1882,2,941,with_replacement
volume_proportional,reverse_screening,43,1882,1366,1127,1882,2,941,with_replacement
volume_proportional,reverse_screening,44,1882,1386,1131,1882,2,941,with_replacement
volume_proportional,reverse_screening,45,1882,1380,1143,1882,2,941,with_replacement
volume_proportional,reverse_screening,46,1882,1368,1141,1882,2,941,with_replacement
volume_proportional,reverse_screening,47,1882,1367,1121,1882,2,941,with_replacement
volume_proportional,reverse_screening,48,1882,1379,1146,1882,2,941,with_replacement
volume_proportional,reverse_screening,49,1882,1367,1131,1882,2,941,with_replacement
volume_proportional,reverse_screening,50,1882,1371,1136,1882,2,941,with_replacement
volume_proportional,reverse_screening,51,1882,1361,1152,1882,2,941,with_replacement
volume_proportional,pooling_verified,42,3880,2814,1982,3880,2,1940,with_replacement
volume_proportional,pooling_verified,43,3880,2791,1918,3880,2,1940,with_replacement
volume_proportional,pooling_verified,44,3880,2819,1971,3880,2,1940,with_replacement
volume_proportional,pooling_verified,45,3880,2783,1966,3880,2,1940,with_replacement
volume_proportional,pooling_verified,46,3880,2840,1970,3880,2,1940,with_replacement
volume_proportional,pooling_verified,47,3880,2773,1953,3880,2,1940,with_replacement
volume_proportional,pooling_verified,48,3880,2845,1997,3880,2,1940,with_replacement
volume_proportional,pooling_verified,49,3880,2811,1990,3880,2,1940,with_replacement
volume_proportional,pooling_verified,50,3880,2791,1947,3880,2,1940,with_replacement
volume_proportional,pooling_verified,51,3880,2812,1952,3880,2,1940,with_replacement
volume_proportional,pooling_unverified,42,4584,3164,2119,4584,2,2292,with_replacement
volume_proportional,pooling_unverified,43,4584,3155,2117,4584,2,2292,with_replacement
volume_proportional,pooling_unverified,44,4584,3142,2098,4584,2,2292,with_replacement
volume_proportional,pooling_unverified,45,4584,3153,2103,4584,2,2292,with_replacement
volume_proportional,pooling_unverified,46,4584,3151,2102,4584,2,2292,with_replacement
volume_proportional,pooling_unverified,47,4584,3173,2139,4584,2,2292,with_replacement
volume_proportional,pooling_unverified,48,4584,3153,2101,4584,2,2292,with_replacement
volume_proportional,pooling_unverified,49,4584,3116,2072,4584,2,2292,with_replacement
volume_proportional,pooling_unverified,50,4584,3187,2119,4584,2,2292,with_replacement
volume_proportional,pooling_unverified,51,4584,3150,2090,4584,2,2292,with_replacement
