mode,policy,seed,accuracy,helpful_share,mean_weight,delta_pp
equal_size,normal_screening,42,0.71,0.5965,0.7255,0.8749999999999925
equal_size,normal_screening,43,0.70125,0.5995,0.722125,0.0
equal_size,normal_screening,44,0.69875,0.5945,0.72325,-0.2500000000000058
equal_size,normal_screening,45,0.71875,0.6075,0.73075,1.749999999999996
equal_size,normal_screening,46,0.71125,0.604,0.72775,1.0000000000000009
equal_size,normal_screening,47,0.70625,0.579,0.703375,0.5000000000000004
equal_size,normal_screening,48,0.7175,0.593,0.71725,1.6249999999999987
equal_size,normal_screening,49,0.7125,0.6135,0.733,1.1249999999999982
equal_size,normal_screening,50,0.7025,0.5915,0.711625,0.12499999999999734
equal_size,normal_screening,51,0.71,0.5865,0.716875,0.8749999999999925
equal_size,oracle,42,0.705,1.0,1.0,0.374999999999992
equal_size,oracle,43,0.72,1.0,1.0,1.8749999999999933
equal_size,oracle,44,0.73,1.0,1.0,2.8749999999999942
equal_size,oracle,45,0.7225,1.0,1.0,2.124999999999999
equal_size,oracle,46,0.72,1.0,1.0,1.8749999999999933
equal_size,oracle,47,0.7175,1.0,1.0,1.6249999999999987
equal_size,oracle,48,0.7175,1.0,1.0,1.6249999999999987
equal_size,oracle,49,0.71125,1.0,1.0,1.0000000000000009
equal_size,oracle,50,0.71875,1.0,1.0,1.749999999999996
equal_size,oracle,51,0.7175,1.0,1.0,1.6249999999999987
equal_size,pooling_unverified,42,0.6975,0.41,0.5575,-0.3750000000000031
equal_size,pooling_unverified,43,0.7025,0.405,0.55375,0.12499999999999734
equal_size,pooling_unverified,44,0.69875,0.4,0.55,-0.2500000000000058
equal_size,pooling_unverified,45,0.70375,0.4065,0.554875,0.24999999999999467
equal_size,pooling_unverified,46,0.70375,0.418,0.5635,0.24999999999999467
equal_size,pooling_unverified,47,0.70375,0.3855,0.539125,0.24999999999999467
equal_size,pooling_unverified,48,0.70125,0.417,0.56275,0.0
equal_size,pooling_unverified,49,0.70125,0.412,0.559,0.0
equal_size,pooling_unverified,50,0.6975,0.4135,0.560125,-0.3750000000000031
equal_size,pooling_unverified,51,0.7025,0.4175,0.563125,0.12499999999999734
equal_size,pooling_verified,42,0.7025,0.487,0.645625,0.12499999999999734
equal_size,pooling_verified,43,0.7025,0.477,0.633625,0.12499999999999734
equal_size,pooling_verified,44,0.7025,0.478,0.64525,0.12499999999999734
equal_size,pooling_verified,45,0.69875,0.4595,0.62875,-0.2500000000000058
equal_size,pooling_verified,46,0.69875,0.473,0.636625,-0.2500000000000058
equal_size,pooling_verified,47,0.7,0.4385,0.60925,-0.12500000000000844
equal_size,pooling_verified,48,0.705,0.452,0.619,0.374999999999992
equal_size,pooling_verified,49,0.7,0.472,0.634,-0.12500000000000844
equal_size,pooling_verified,50,0.6975,0.4675,0.636625,-0.3750000000000031
equal_size,pooling_verified,51,0.70375,0.482,0.64675,0.24999999999999467
equal_size,reverse_screening,42,0.69875,0.325,0.537625,-0.2500000000000058
equal_size,reverse_screening,43,0.69875,0.344,0.54475,-0.2500000000000058
equal_size,reverse_screening,44,0.7,0.337,0.5455,-0.12500000000000844
equal_size,reverse_screening,45,0.7,0.347,0.551125,-0.12500000000000844
equal_size,reverse_screening,46,0.7025,0.354,0.555625,0.12499999999999734
equal_size,reverse_screening,47,0.7,0.3045,0.51475,-0.12500000000000844
equal_size,reverse_screening,48,0.705,0.336,0.539875,0.374999999999992
equal_size,reverse_screening,49,0.69875,0.348,0.553375,-0.2500000000000058
equal_size,reverse_screening,50,0.70125,0.32,0.524875,0.0
equal_size,reverse_screening,51,0.7,0.3365,0.547375,-0.12500000000000844
endogenous,normal_screening,42,0.71,0.5965,0.7255,0.8749999999999925
endogenous,normal_screening,43,0.70125,0.5995,0.722125,0.0
endogenous,normal_screening,44,0.69875,0.5945,0.72325,-0.2500000000000058
endogenous,normal_screening,45,0.7275,0.6075,0.73075,2.6249999999999996
endogenous,normal_screening,46,0.7075,0.604,0.72775,0.6249999999999978
endogenous,normal_screening,47,0.70375,0.579,0.703375,0.24999999999999467
endogenous,normal_screening,48,0.71625,0.593,0.71725,1.5000000000000013
endogenous,normal_screening,49,0.7125,0.6135,0.733,1.1249999999999982
endogenous,normal_screening,50,0.7025,0.5915,0.711625,0.12499999999999734
endogenous,normal_screening,51,0.71125,0.5865,0.716875,1.0000000000000009
endogenous,oracle,42,0.70375,1.0,1.0,0.24999999999999467
endogenous,oracle,43,0.7125,1.0,1.0,1.1249999999999982
endogenous,oracle,44,0.72,1.0,1.0,1.8749999999999933
endogenous,oracle,45,0.6825,1.0,1.0,-1.8750000000000044
endogenous,oracle,46,0.72,1.0,1.0,1.8749999999999933
endogenous,oracle,47,0.72,1.0,1.0,1.8749999999999933
endogenous,oracle,48,0.71875,1.0,1.0,1.749999999999996
endogenous,oracle,49,0.71875,1.0,1.0,1.749999999999996
endogenous,oracle,50,0.7175,1.0,1.0,1.6249999999999987
endogenous,oracle,51,0.7175,1.0,1.0,1.6249999999999987
endogenous,pooling_unverified,42,0.6975,0.4035776614310645,0.5526832460732984,-0.3750000000000031
endogenous,pooling_unverified,43,0.70125,0.4027050610820244,0.5520287958115183,0.0
endogenous,pooling_unverified,44,0.70125,0.4048865619546248,0.5536649214659686,0.0
endogenous,pooling_unverified,45,0.7,0.406195462478185,0.5546465968586387,-0.12500000000000844
endogenous,pooling_unverified,46,0.7025,0.4144851657940663,0.5608638743455497,0.12499999999999734
endogenous,pooling_unverified,47,0.69625,0.3963787085514834,0.5472840314136126,-0.5000000000000004
endogenous,pooling_unverified,48,0.69875,0.4090314136125654,0.556773560209424,-0.2500000000000058
endogenous,pooling_unverified,49,0.70125,0.4009598603839441,0.5507198952879581,0.0
endogenous,pooling_unverified,50,0.69875,0.406195462478185,0.5546465968586387,-0.2500000000000058
endogenous,pooling_unverified,51,0.69625,0.4092495636998254,0.5569371727748691,-0.5000000000000004
endogenous,pooling_verified,42,0.70375,0.484020618556701,0.6447164948453609,0.24999999999999467
endogenous,pooling_verified,43,0.70125,0.4621134020618557,0.6253865979381443,0.0
endogenous,pooling_verified,44,0.7,0.4822164948453608,0.6474226804123712,-0.12500000000000844
endogenous,pooling_verified,45,0.7,0.4719072164948453,0.6352448453608247,-0.12500000000000844
endogenous,pooling_verified,46,0.7,0.4721649484536082,0.6348582474226804,-0.12500000000000844
endogenous,pooling_verified,47,0.7,0.4536082474226804,0.6197809278350516,-0.12500000000000844
endogenous,pooling_verified,48,0.7,0.4685567010309278,0.6290592783505154,-0.12500000000000844
endogenous,pooling_verified,49,0.69875,0.4757731958762886,0.6348582474226804,-0.2500000000000058
endogenous,pooling_verified,50,0.70875,0.463659793814433,0.6327319587628866,0.7499999999999951
endogenous,pooling_verified,51,0.69875,0.4804123711340206,0.6425902061855671,-0.2500000000000058
endogenous,reverse_screening,42,0.69625,0.3278427205100956,0.5401168969181721,-0.5000000000000004
endogenous,reverse_screening,43,0.69875,0.3421891604675877,0.5433049946865037,-0.2500000000000058
endogenous,reverse_screening,44,0.7,0.332624867162593,0.5409139213602551,-0.12500000000000844
endogenous,reverse_screening,45,0.7025,0.3464399574920297,0.5508767268862912,0.12499999999999734
endogenous,reverse_screening,46,0.7025,0.3522848034006376,0.5544633368756642,0.12499999999999734
endogenous,reverse_screening,47,0.7,0.3087141339001062,0.5174017003188098,-0.12500000000000844
endogenous,reverse_screening,48,0.7,0.3358129649309245,0.5393198724760893,-0.12500000000000844
endogenous,reverse_screening,49,0.7025,0.3480340063761955,0.5544633368756642,0.12499999999999734
endogenous,reverse_screening,50,0.70875,0.3193411264612115,0.5237778958554729,0.7499999999999951
endogenous,reverse_screening,51,0.7,0.3336875664187035,0.5460945802337939,-0.12500000000000844
